Station,Lat,Long,Maxlevel,Maxdate,Minlevel,Mindate,Raw,Proc,Plot,Basin,Basin1
TV04-04R,29.7279861864,-91.60816825280001,4.539000000000001,2005-09-23 20:00:00,-2.331,2000-10-08 08:00:00,https://github.com/sinaamini11/Louisiana_Region5_Water_Levels/tree/main/temp/Station ID=CRMS0565-H01,https://github.com/sinaamini11/Louisiana_Region5_Water_Levels/blob/main/Output/TV04-04R/TV04-04R_Processed.csv,https://htmlpreview.github.io/?https://github.com/sinaamini11/Louisiana_Region5_Water_Levels/blob/main/Output/TV04-04R/TV04-04R.html,Teche/Vermilion,Teche/Vermilion
CRMS0527-H03,29.709010702399997,-91.8598185515,8.68,2020-08-26 22:00:00,-0.6,2019-12-17 02:00:00,https://github.com/sinaamini11/Louisiana_Region5_Water_Levels/tree/main/temp/Station ID=CRMS0565-H01,https://github.com/sinaamini11/Louisiana_Region5_Water_Levels/blob/main/Output/CRMS0527-H03/CRMS0527-H03_Processed.csv,https://htmlpreview.github.io/?https://github.com/sinaamini11/Louisiana_Region5_Water_Levels/blob/main/Output/CRMS0527-H03/CRMS0527-H03.html,Teche/Vermilion,Teche/Vermilion
ME04-26R,29.6705895641,-92.2674394625,5.999,2005-09-23 21:00:00,-1.761,1998-04-10 08:00:00,https://github.com/sinaamini11/Louisiana_Region5_Water_Levels/tree/main/temp/Station ID=CRMS0565-H01,https://github.com/sinaamini11/Louisiana_Region5_Water_Levels/blob/main/Output/ME04-26R/ME04-26R_Processed.csv,https://htmlpreview.github.io/?https://github.com/sinaamini11/Louisiana_Region5_Water_Levels/blob/main/Output/ME04-26R/ME04-26R.html,Mermentau,Mermentau
AT04-04,29.3834712566,-91.37636100700001,5.563,2003-05-07 01:00:00,-1.917,2002-05-13 16:00:00,https://github.com/sinaamini11/Louisiana_Region5_Water_Levels/tree/main/temp/Station ID=CRMS0565-H01,https://github.com/sinaamini11/Louisiana_Region5_Water_Levels/blob/main/Output/AT04-04/AT04-04_Processed.csv,https://htmlpreview.github.io/?https://github.com/sinaamini11/Louisiana_Region5_Water_Levels/blob/main/Output/AT04-04/AT04-04.html,Atchafalaya,Atchafalaya
CRMS0589-H01,29.656961916799997,-92.81659007799999,9.5,2020-08-26 17:00:00,-0.37,2020-04-11 04:00:00,https://github.com/sinaamini11/Louisiana_Region5_Water_Levels/tree/main/temp/Station ID=CRMS0565-H01,https://github.com/sinaamini11/Louisiana_Region5_Water_Levels/blob/main/Output/CRMS0589-H01/CRMS0589-H01_Processed.csv,https://htmlpreview.github.io/?https://github.com/sinaamini11/Louisiana_Region5_Water_Levels/blob/main/Output/CRMS0589-H01/CRMS0589-H01.html,Mermentau,Mermentau
ME11-72,29.8386965091,-92.9003864318,3.26,2002-11-05 02:00:00,-0.19,2002-12-06 04:00:00,https://github.com/sinaamini11/Louisiana_Region5_Water_Levels/tree/main/temp/Station ID=CRMS0565-H01,https://github.com/sinaamini11/Louisiana_Region5_Water_Levels/blob/main/Output/ME11-72/ME11-72_Processed.csv,https://htmlpreview.github.io/?https://github.com/sinaamini11/Louisiana_Region5_Water_Levels/blob/main/Output/ME11-72/ME11-72.html,Mermentau,Mermentau
CRMS6038-H01,29.6047811456,-91.35256576799999,7.91,2019-07-13 09:00:00,-0.86,2014-11-27 07:00:00,https://github.com/sinaamini11/Louisiana_Region5_Water_Levels/tree/main/temp/Station ID=CRMS0565-H01,https://github.com/sinaamini11/Louisiana_Region5_Water_Levels/blob/main/Output/CRMS6038-H01/CRMS6038-H01_Processed.csv,https://htmlpreview.github.io/?https://github.com/sinaamini11/Louisiana_Region5_Water_Levels/blob/main/Output/CRMS6038-H01/CRMS6038-H01.html,Atchafalaya,Atchafalaya
CRMS0536-H01,29.5821025174,-92.25980846719999,7.02,2020-10-09 13:00:00,0.36,2018-03-27 15:00:00,https://github.com/sinaamini11/Louisiana_Region5_Water_Levels/tree/main/temp/Station ID=CRMS0565-H01,https://github.com/sinaamini11/Louisiana_Region5_Water_Levels/blob/main/Output/CRMS0536-H01/CRMS0536-H01_Processed.csv,https://htmlpreview.github.io/?https://github.com/sinaamini11/Louisiana_Region5_Water_Levels/blob/main/Output/CRMS0536-H01/CRMS0536-H01.html,Teche/Vermilion,Teche/Vermilion
CRMS0633-H01,29.5639000254,-92.32312107930001,5.937,2008-09-12 12:00:00,-0.963,2011-01-13 09:00:00,https://github.com/sinaamini11/Louisiana_Region5_Water_Levels/tree/main/temp/Station ID=CRMS0565-H01,https://github.com/sinaamini11/Louisiana_Region5_Water_Levels/blob/main/Output/CRMS0633-H01/CRMS0633-H01_Processed.csv,https://htmlpreview.github.io/?https://github.com/sinaamini11/Louisiana_Region5_Water_Levels/blob/main/Output/CRMS0633-H01/CRMS0633-H01.html,Mermentau,Mermentau
ME16-03,29.6217059157,-92.59132115889999,3.016,2003-11-29 03:00:00,0.236,2002-04-03 23:00:00,https://github.com/sinaamini11/Louisiana_Region5_Water_Levels/tree/main/temp/Station ID=CRMS0565-H01,https://github.com/sinaamini11/Louisiana_Region5_Water_Levels/blob/main/Output/ME16-03/ME16-03_Processed.csv,https://htmlpreview.github.io/?https://github.com/sinaamini11/Louisiana_Region5_Water_Levels/blob/main/Output/ME16-03/ME16-03.html,Mermentau,Mermentau
CRMS0504-H01,29.536740747800003,-91.8861613167,5.9750000000000005,2008-09-12 04:00:00,-0.67,2014-04-27 08:00:00,https://github.com/sinaamini11/Louisiana_Region5_Water_Levels/tree/main/temp/Station ID=CRMS0565-H01,https://github.com/sinaamini11/Louisiana_Region5_Water_Levels/blob/main/Output/CRMS0504-H01/CRMS0504-H01_Processed.csv,https://htmlpreview.github.io/?https://github.com/sinaamini11/Louisiana_Region5_Water_Levels/blob/main/Output/CRMS0504-H01/CRMS0504-H01.html,Teche/Vermilion,Teche/Vermilion
CRMS0465-H01,29.537051793200003,-91.38444645940001,4.47,2017-06-22 06:00:00,-1.76,2013-11-13 00:00:00,https://github.com/sinaamini11/Louisiana_Region5_Water_Levels/tree/main/temp/Station ID=CRMS0565-H01,https://github.com/sinaamini11/Louisiana_Region5_Water_Levels/blob/main/Output/CRMS0465-H01/CRMS0465-H01_Processed.csv,https://htmlpreview.github.io/?https://github.com/sinaamini11/Louisiana_Region5_Water_Levels/blob/main/Output/CRMS0465-H01/CRMS0465-H01.html,Atchafalaya,Atchafalaya
CRMS0581-H01,29.665219570500003,-92.72816686719999,7.546,2008-09-12 13:00:00,-1.0,2014-05-08 07:00:00,https://github.com/sinaamini11/Louisiana_Region5_Water_Levels/tree/main/temp/Station ID=CRMS0565-H01,https://github.com/sinaamini11/Louisiana_Region5_Water_Levels/blob/main/Output/CRMS0581-H01/CRMS0581-H01_Processed.csv,https://htmlpreview.github.io/?https://github.com/sinaamini11/Louisiana_Region5_Water_Levels/blob/main/Output/CRMS0581-H01/CRMS0581-H01.html,Mermentau,Mermentau
CRMS0551-H01,29.701932056599997,-91.540003377,6.81,2020-08-27 00:00:00,-0.74,2007-12-17 07:00:00,https://github.com/sinaamini11/Louisiana_Region5_Water_Levels/tree/main/temp/Station ID=CRMS0565-H01,https://github.com/sinaamini11/Louisiana_Region5_Water_Levels/blob/main/Output/CRMS0551-H01/CRMS0551-H01_Processed.csv,https://htmlpreview.github.io/?https://github.com/sinaamini11/Louisiana_Region5_Water_Levels/blob/main/Output/CRMS0551-H01/CRMS0551-H01.html,Teche/Vermilion,Teche/Vermilion
CRMS0494-H01,29.742635558499998,-91.7955404184,7.108,2008-09-12 10:00:00,-1.262,2010-12-25 10:00:00,https://github.com/sinaamini11/Louisiana_Region5_Water_Levels/tree/main/temp/Station ID=CRMS0565-H01,https://github.com/sinaamini11/Louisiana_Region5_Water_Levels/blob/main/Output/CRMS0494-H01/CRMS0494-H01_Processed.csv,https://htmlpreview.github.io/?https://github.com/sinaamini11/Louisiana_Region5_Water_Levels/blob/main/Output/CRMS0494-H01/CRMS0494-H01.html,Teche/Vermilion,Teche/Vermilion
ME04-50R,29.6242222525,-92.3332042953,2.82,1998-09-20 00:00:00,0.06,2000-03-11 09:00:00,https://github.com/sinaamini11/Louisiana_Region5_Water_Levels/tree/main/temp/Station ID=CRMS0565-H01,https://github.com/sinaamini11/Louisiana_Region5_Water_Levels/blob/main/Output/ME04-50R/ME04-50R_Processed.csv,https://htmlpreview.github.io/?https://github.com/sinaamini11/Louisiana_Region5_Water_Levels/blob/main/Output/ME04-50R/ME04-50R.html,Mermentau,Mermentau
CRMS0630-H01,29.7827739454,-92.7941696961,4.389,2008-09-12 22:00:00,-0.671,2008-06-19 20:00:00,https://github.com/sinaamini11/Louisiana_Region5_Water_Levels/tree/main/temp/Station ID=CRMS0565-H01,https://github.com/sinaamini11/Louisiana_Region5_Water_Levels/blob/main/Output/CRMS0630-H01/CRMS0630-H01_Processed.csv,https://htmlpreview.github.io/?https://github.com/sinaamini11/Louisiana_Region5_Water_Levels/blob/main/Output/CRMS0630-H01/CRMS0630-H01.html,Mermentau,Mermentau
ME11-02,29.8387750887,-92.8759461948,2.34,2000-05-16 02:00:00,-2.35,2000-05-01 08:00:00,https://github.com/sinaamini11/Louisiana_Region5_Water_Levels/tree/main/temp/Station ID=CRMS0565-H01,https://github.com/sinaamini11/Louisiana_Region5_Water_Levels/blob/main/Output/ME11-02/ME11-02_Processed.csv,https://htmlpreview.github.io/?https://github.com/sinaamini11/Louisiana_Region5_Water_Levels/blob/main/Output/ME11-02/ME11-02.html,Mermentau,Mermentau
CRMS5992-H01,29.775857171,-91.54103096819999,6.252000000000001,2008-09-12 16:00:00,-1.85,2018-01-17 03:00:00,https://github.com/sinaamini11/Louisiana_Region5_Water_Levels/tree/main/temp/Station ID=CRMS0565-H01,https://github.com/sinaamini11/Louisiana_Region5_Water_Levels/blob/main/Output/CRMS5992-H01/CRMS5992-H01_Processed.csv,https://htmlpreview.github.io/?https://github.com/sinaamini11/Louisiana_Region5_Water_Levels/blob/main/Output/CRMS5992-H01/CRMS5992-H01.html,Teche/Vermilion,Teche/Vermilion
CRMS6042-H01,29.636899021799998,-91.3544946613,8.43,2019-07-13 06:00:00,-1.19,2013-11-13 01:00:00,https://github.com/sinaamini11/Louisiana_Region5_Water_Levels/tree/main/temp/Station ID=CRMS0565-H01,https://github.com/sinaamini11/Louisiana_Region5_Water_Levels/blob/main/Output/CRMS6042-H01/CRMS6042-H01_Processed.csv,https://htmlpreview.github.io/?https://github.com/sinaamini11/Louisiana_Region5_Water_Levels/blob/main/Output/CRMS6042-H01/CRMS6042-H01.html,Atchafalaya,Atchafalaya
CRMS0553-H01,29.850005907699998,-93.0057372528,6.49,2008-09-13 01:00:00,-0.7,2018-06-10 03:00:00,https://github.com/sinaamini11/Louisiana_Region5_Water_Levels/tree/main/temp/Station ID=CRMS0565-H01,https://github.com/sinaamini11/Louisiana_Region5_Water_Levels/blob/main/Output/CRMS0553-H01/CRMS0553-H01_Processed.csv,https://htmlpreview.github.io/?https://github.com/sinaamini11/Louisiana_Region5_Water_Levels/blob/main/Output/CRMS0553-H01/CRMS0553-H01.html,Mermentau,Mermentau
CRMS0522-H01,29.499717634699998,-91.83138828860001,5.35,2019-07-13 10:00:00,-2.66,2017-12-31 23:00:00,https://github.com/sinaamini11/Louisiana_Region5_Water_Levels/tree/main/temp/Station ID=CRMS0565-H01,https://github.com/sinaamini11/Louisiana_Region5_Water_Levels/blob/main/Output/CRMS0522-H01/CRMS0522-H01_Processed.csv,https://htmlpreview.github.io/?https://github.com/sinaamini11/Louisiana_Region5_Water_Levels/blob/main/Output/CRMS0522-H01/CRMS0522-H01.html,Teche/Vermilion,Teche/Vermilion
CRMS1409-H01,29.868844410799998,-93.0103074465,5.875,2008-09-13 04:00:00,-0.72,2014-03-29 10:00:00,https://github.com/sinaamini11/Louisiana_Region5_Water_Levels/tree/main/temp/Station ID=CRMS0565-H01,https://github.com/sinaamini11/Louisiana_Region5_Water_Levels/blob/main/Output/CRMS1409-H01/CRMS1409-H01_Processed.csv,https://htmlpreview.github.io/?https://github.com/sinaamini11/Louisiana_Region5_Water_Levels/blob/main/Output/CRMS1409-H01/CRMS1409-H01.html,Mermentau,Mermentau
CRMS0511-H01,29.886582019499997,-91.979647409,6.95,2020-08-27 02:00:00,-0.73,2020-04-15 06:00:00,https://github.com/sinaamini11/Louisiana_Region5_Water_Levels/tree/main/temp/Station ID=CRMS0565-H01,https://github.com/sinaamini11/Louisiana_Region5_Water_Levels/blob/main/Output/CRMS0511-H01/CRMS0511-H01_Processed.csv,https://htmlpreview.github.io/?https://github.com/sinaamini11/Louisiana_Region5_Water_Levels/blob/main/Output/CRMS0511-H01/CRMS0511-H01.html,Teche/Vermilion,Teche/Vermilion
TV14-01,29.571021291999998,-91.7540351658,3.8489999999999998,2001-10-13 04:00:00,-2.731,2001-02-17 05:00:00,https://github.com/sinaamini11/Louisiana_Region5_Water_Levels/tree/main/temp/Station ID=CRMS0565-H01,https://github.com/sinaamini11/Louisiana_Region5_Water_Levels/blob/main/Output/TV14-01/TV14-01_Processed.csv,https://htmlpreview.github.io/?https://github.com/sinaamini11/Louisiana_Region5_Water_Levels/blob/main/Output/TV14-01/TV14-01.html,Teche/Vermilion,Teche/Vermilion
CRMS0523-H01,29.578767216,-91.82123959549999,6.53,2019-07-13 10:00:00,-1.63,2013-11-12 22:00:00,https://github.com/sinaamini11/Louisiana_Region5_Water_Levels/tree/main/temp/Station ID=CRMS0565-H01,https://github.com/sinaamini11/Louisiana_Region5_Water_Levels/blob/main/Output/CRMS0523-H01/CRMS0523-H01_Processed.csv,https://htmlpreview.github.io/?https://github.com/sinaamini11/Louisiana_Region5_Water_Levels/blob/main/Output/CRMS0523-H01/CRMS0523-H01.html,Teche/Vermilion,Teche/Vermilion
CRMS0624-H01,29.8599094365,-92.88635443129999,4.1690000000000005,2008-09-14 08:00:00,-0.931,2011-06-21 06:00:00,https://github.com/sinaamini11/Louisiana_Region5_Water_Levels/tree/main/temp/Station ID=CRMS0565-H01,https://github.com/sinaamini11/Louisiana_Region5_Water_Levels/blob/main/Output/CRMS0624-H01/CRMS0624-H01_Processed.csv,https://htmlpreview.github.io/?https://github.com/sinaamini11/Louisiana_Region5_Water_Levels/blob/main/Output/CRMS0624-H01/CRMS0624-H01.html,Mermentau,Mermentau
ME14-01,29.644416060999998,-92.4900000474,2.4400000000000004,2002-10-05 08:00:00,-1.25,2002-10-03 03:00:00,https://github.com/sinaamini11/Louisiana_Region5_Water_Levels/tree/main/temp/Station ID=CRMS0565-H01,https://github.com/sinaamini11/Louisiana_Region5_Water_Levels/blob/main/Output/ME14-01/ME14-01_Processed.csv,https://htmlpreview.github.io/?https://github.com/sinaamini11/Louisiana_Region5_Water_Levels/blob/main/Output/ME14-01/ME14-01.html,Mermentau,Mermentau
CRMS0479-H01,29.5235426765,-91.4491828129,7.491999999999999,2008-09-12 06:00:00,-1.3679999999999999,2012-08-28 17:00:00,https://github.com/sinaamini11/Louisiana_Region5_Water_Levels/tree/main/temp/Station ID=CRMS0565-H01,https://github.com/sinaamini11/Louisiana_Region5_Water_Levels/blob/main/Output/CRMS0479-H01/CRMS0479-H01_Processed.csv,https://htmlpreview.github.io/?https://github.com/sinaamini11/Louisiana_Region5_Water_Levels/blob/main/Output/CRMS0479-H01/CRMS0479-H01.html,Atchafalaya,Atchafalaya
CRMS0691-H01,29.962657086500002,-93.1052029535,3.04,2017-08-30 09:00:00,-1.02,2018-07-16 12:00:00,https://github.com/sinaamini11/Louisiana_Region5_Water_Levels/tree/main/temp/Station ID=CRMS0565-H01,https://github.com/sinaamini11/Louisiana_Region5_Water_Levels/blob/main/Output/CRMS0691-H01/CRMS0691-H01_Processed.csv,https://htmlpreview.github.io/?https://github.com/sinaamini11/Louisiana_Region5_Water_Levels/blob/main/Output/CRMS0691-H01/CRMS0691-H01.html,Calcasieu/Sabine,Calcasieu/Sabine
TV14-03R,29.524065916399998,-91.7719094539,5.486000000000001,2005-09-23 11:00:00,-3.564,2001-02-17 02:00:00,https://github.com/sinaamini11/Louisiana_Region5_Water_Levels/tree/main/temp/Station ID=CRMS0565-H01,https://github.com/sinaamini11/Louisiana_Region5_Water_Levels/blob/main/Output/TV14-03R/TV14-03R_Processed.csv,https://htmlpreview.github.io/?https://github.com/sinaamini11/Louisiana_Region5_Water_Levels/blob/main/Output/TV14-03R/TV14-03R.html,Teche/Vermilion,Teche/Vermilion
CRMS0567-H01,29.902667905100003,-92.45110879069999,2.62,2016-08-24 10:00:00,-0.654,2011-06-04 11:00:00,https://github.com/sinaamini11/Louisiana_Region5_Water_Levels/tree/main/temp/Station ID=CRMS0565-H01,https://github.com/sinaamini11/Louisiana_Region5_Water_Levels/blob/main/Output/CRMS0567-H01/CRMS0567-H01_Processed.csv,https://htmlpreview.github.io/?https://github.com/sinaamini11/Louisiana_Region5_Water_Levels/blob/main/Output/CRMS0567-H01/CRMS0567-H01.html,Mermentau,Mermentau
CRMS0524-H01,29.5569778568,-91.81927281540001,2.79,2018-10-09 13:00:00,-1.67,2018-01-06 07:00:00,https://github.com/sinaamini11/Louisiana_Region5_Water_Levels/tree/main/temp/Station ID=CRMS0565-H01,https://github.com/sinaamini11/Louisiana_Region5_Water_Levels/blob/main/Output/CRMS0524-H01/CRMS0524-H01_Processed.csv,https://htmlpreview.github.io/?https://github.com/sinaamini11/Louisiana_Region5_Water_Levels/blob/main/Output/CRMS0524-H01/CRMS0524-H01.html,Teche/Vermilion,Teche/Vermilion
CRMS0549-H02,29.83232874,-91.84894033040001,4.63,2015-10-25 21:00:00,-2.16,2016-12-18 12:00:00,https://github.com/sinaamini11/Louisiana_Region5_Water_Levels/tree/main/temp/Station ID=CRMS0565-H01,https://github.com/sinaamini11/Louisiana_Region5_Water_Levels/blob/main/Output/CRMS0549-H02/CRMS0549-H02_Processed.csv,https://htmlpreview.github.io/?https://github.com/sinaamini11/Louisiana_Region5_Water_Levels/blob/main/Output/CRMS0549-H02/CRMS0549-H02.html,Teche/Vermilion,Teche/Vermilion
CRMS0632-H01,29.568411891100002,-92.3857658583,6.382,2008-09-12 06:00:00,-0.5680000000000001,2010-10-26 06:00:00,https://github.com/sinaamini11/Louisiana_Region5_Water_Levels/tree/main/temp/Station ID=CRMS0565-H01,https://github.com/sinaamini11/Louisiana_Region5_Water_Levels/blob/main/Output/CRMS0632-H01/CRMS0632-H01_Processed.csv,https://htmlpreview.github.io/?https://github.com/sinaamini11/Louisiana_Region5_Water_Levels/blob/main/Output/CRMS0632-H01/CRMS0632-H01.html,Mermentau,Mermentau
CRMS0527-H02,29.7116213796,-91.8590861013,7.33,2019-07-13 10:00:00,-0.54,2015-01-04 10:00:00,https://github.com/sinaamini11/Louisiana_Region5_Water_Levels/tree/main/temp/Station ID=CRMS0565-H01,https://github.com/sinaamini11/Louisiana_Region5_Water_Levels/blob/main/Output/CRMS0527-H02/CRMS0527-H02_Processed.csv,https://htmlpreview.github.io/?https://github.com/sinaamini11/Louisiana_Region5_Water_Levels/blob/main/Output/CRMS0527-H02/CRMS0527-H02.html,Teche/Vermilion,Teche/Vermilion
CRMS0464-H01,29.5175702776,-91.3871363238,6.206,2008-09-13 08:00:00,-1.58,2019-07-15 09:00:00,https://github.com/sinaamini11/Louisiana_Region5_Water_Levels/tree/main/temp/Station ID=CRMS0565-H01,https://github.com/sinaamini11/Louisiana_Region5_Water_Levels/blob/main/Output/CRMS0464-H01/CRMS0464-H01_Processed.csv,https://htmlpreview.github.io/?https://github.com/sinaamini11/Louisiana_Region5_Water_Levels/blob/main/Output/CRMS0464-H01/CRMS0464-H01.html,Atchafalaya,Atchafalaya
CRMS0605-H01,29.8604046734,-92.91566504129999,4.633,2008-09-14 00:00:00,-0.10699999999999998,2011-11-21 09:00:00,https://github.com/sinaamini11/Louisiana_Region5_Water_Levels/tree/main/temp/Station ID=CRMS0565-H01,https://github.com/sinaamini11/Louisiana_Region5_Water_Levels/blob/main/Output/CRMS0605-H01/CRMS0605-H01_Processed.csv,https://htmlpreview.github.io/?https://github.com/sinaamini11/Louisiana_Region5_Water_Levels/blob/main/Output/CRMS0605-H01/CRMS0605-H01.html,Mermentau,Mermentau
CRMS0501-H01,29.6393795311,-92.25677021799999,7.470000000000001,2008-09-12 11:00:00,-1.29,2018-01-03 14:00:00,https://github.com/sinaamini11/Louisiana_Region5_Water_Levels/tree/main/temp/Station ID=CRMS0565-H01,https://github.com/sinaamini11/Louisiana_Region5_Water_Levels/blob/main/Output/CRMS0501-H01/CRMS0501-H01_Processed.csv,https://htmlpreview.github.io/?https://github.com/sinaamini11/Louisiana_Region5_Water_Levels/blob/main/Output/CRMS0501-H01/CRMS0501-H01.html,Teche/Vermilion,Teche/Vermilion
AT04-06,29.4648615075,-91.327583387,25.695,2002-10-03 06:00:00,-1.095,2002-12-06 07:30:00,https://github.com/sinaamini11/Louisiana_Region5_Water_Levels/tree/main/temp/Station ID=CRMS0565-H01,https://github.com/sinaamini11/Louisiana_Region5_Water_Levels/blob/main/Output/AT04-06/AT04-06_Processed.csv,https://htmlpreview.github.io/?https://github.com/sinaamini11/Louisiana_Region5_Water_Levels/blob/main/Output/AT04-06/AT04-06.html,Atchafalaya,Atchafalaya
CRMS4016-H01,29.562843154899998,-91.3856966897,5.62,2020-08-27 02:00:00,-1.83,2011-01-06 08:00:00,https://github.com/sinaamini11/Louisiana_Region5_Water_Levels/tree/main/temp/Station ID=CRMS0565-H01,https://github.com/sinaamini11/Louisiana_Region5_Water_Levels/blob/main/Output/CRMS4016-H01/CRMS4016-H01_Processed.csv,https://htmlpreview.github.io/?https://github.com/sinaamini11/Louisiana_Region5_Water_Levels/blob/main/Output/CRMS4016-H01/CRMS4016-H01.html,Atchafalaya,Atchafalaya
CRMS0614-H01,29.737061739,-92.8854057592,10.84,2020-08-26 19:00:00,-0.396,2010-05-07 06:00:00,https://github.com/sinaamini11/Louisiana_Region5_Water_Levels/tree/main/temp/Station ID=CRMS0565-H01,https://github.com/sinaamini11/Louisiana_Region5_Water_Levels/blob/main/Output/CRMS0614-H01/CRMS0614-H01_Processed.csv,https://htmlpreview.github.io/?https://github.com/sinaamini11/Louisiana_Region5_Water_Levels/blob/main/Output/CRMS0614-H01/CRMS0614-H01.html,Mermentau,Mermentau
ME16-02,29.634610773600002,-92.56894413290001,2.298,2002-09-08 01:00:00,-0.732,2001-06-01 12:00:00,https://github.com/sinaamini11/Louisiana_Region5_Water_Levels/tree/main/temp/Station ID=CRMS0565-H01,https://github.com/sinaamini11/Louisiana_Region5_Water_Levels/blob/main/Output/ME16-02/ME16-02_Processed.csv,https://htmlpreview.github.io/?https://github.com/sinaamini11/Louisiana_Region5_Water_Levels/blob/main/Output/ME16-02/ME16-02.html,Mermentau,Mermentau
CRMS0618-H01,29.7356189586,-92.2582722733,6.34,2020-08-26 23:00:00,-0.6779999999999999,2010-12-19 06:00:00,https://github.com/sinaamini11/Louisiana_Region5_Water_Levels/tree/main/temp/Station ID=CRMS0565-H01,https://github.com/sinaamini11/Louisiana_Region5_Water_Levels/blob/main/Output/CRMS0618-H01/CRMS0618-H01_Processed.csv,https://htmlpreview.github.io/?https://github.com/sinaamini11/Louisiana_Region5_Water_Levels/blob/main/Output/CRMS0618-H01/CRMS0618-H01.html,Mermentau,Mermentau
CRMS0568-H01,29.7844625104,-92.4163044278,4.325,2008-09-14 06:00:00,-0.75,2018-06-18 06:00:00,https://github.com/sinaamini11/Louisiana_Region5_Water_Levels/tree/main/temp/Station ID=CRMS0565-H01,https://github.com/sinaamini11/Louisiana_Region5_Water_Levels/blob/main/Output/CRMS0568-H01/CRMS0568-H01_Processed.csv,https://htmlpreview.github.io/?https://github.com/sinaamini11/Louisiana_Region5_Water_Levels/blob/main/Output/CRMS0568-H01/CRMS0568-H01.html,Mermentau,Mermentau
TV21CR02-H01,29.5516644182,-91.7380049609,3.999,2016-04-30 07:00:00,-1.721,2019-01-20 07:00:00,https://github.com/sinaamini11/Louisiana_Region5_Water_Levels/tree/main/temp/Station ID=CRMS0565-H01,https://github.com/sinaamini11/Louisiana_Region5_Water_Levels/blob/main/Output/TV21CR02-H01/TV21CR02-H01_Processed.csv,https://htmlpreview.github.io/?https://github.com/sinaamini11/Louisiana_Region5_Water_Levels/blob/main/Output/TV21CR02-H01/TV21CR02-H01.html,Teche/Vermilion,Teche/Vermilion
ME04-29,29.652789488200003,-92.28668023889999,8.642,2005-09-23 20:00:00,-0.45799999999999996,2006-09-05 12:00:00,https://github.com/sinaamini11/Louisiana_Region5_Water_Levels/tree/main/temp/Station ID=CRMS0565-H01,https://github.com/sinaamini11/Louisiana_Region5_Water_Levels/blob/main/Output/ME04-29/ME04-29_Processed.csv,https://htmlpreview.github.io/?https://github.com/sinaamini11/Louisiana_Region5_Water_Levels/blob/main/Output/ME04-29/ME04-29.html,Mermentau,Mermentau
CRMS0560-H01,29.8506715848,-92.54176995060001,2.87,2016-08-27 03:00:00,-0.9390000000000001,2011-09-01 10:00:00,https://github.com/sinaamini11/Louisiana_Region5_Water_Levels/tree/main/temp/Station ID=CRMS0565-H01,https://github.com/sinaamini11/Louisiana_Region5_Water_Levels/blob/main/Output/CRMS0560-H01/CRMS0560-H01_Processed.csv,https://htmlpreview.github.io/?https://github.com/sinaamini11/Louisiana_Region5_Water_Levels/blob/main/Output/CRMS0560-H01/CRMS0560-H01.html,Mermentau,Mermentau
AT04-03,29.4106110311,-91.2681108001,4.843,2002-10-03 04:30:00,-2.287,2003-04-15 05:00:00,https://github.com/sinaamini11/Louisiana_Region5_Water_Levels/tree/main/temp/Station ID=CRMS0565-H01,https://github.com/sinaamini11/Louisiana_Region5_Water_Levels/blob/main/Output/AT04-03/AT04-03_Processed.csv,https://htmlpreview.github.io/?https://github.com/sinaamini11/Louisiana_Region5_Water_Levels/blob/main/Output/AT04-03/AT04-03.html,Atchafalaya,Atchafalaya
CRMS0494-H02,29.740740361300002,-91.788834646,9.83,2020-08-26 20:00:00,-0.04,2015-10-20 17:00:00,https://github.com/sinaamini11/Louisiana_Region5_Water_Levels/tree/main/temp/Station ID=CRMS0565-H01,https://github.com/sinaamini11/Louisiana_Region5_Water_Levels/blob/main/Output/CRMS0494-H02/CRMS0494-H02_Processed.csv,https://htmlpreview.github.io/?https://github.com/sinaamini11/Louisiana_Region5_Water_Levels/blob/main/Output/CRMS0494-H02/CRMS0494-H02.html,Teche/Vermilion,Teche/Vermilion
CRMS0552-H01,29.7953581953,-92.1355290285,4.052,2012-03-20 23:00:00,-1.518,2011-08-23 06:00:00,https://github.com/sinaamini11/Louisiana_Region5_Water_Levels/tree/main/temp/Station ID=CRMS0565-H01,https://github.com/sinaamini11/Louisiana_Region5_Water_Levels/blob/main/Output/CRMS0552-H01/CRMS0552-H01_Processed.csv,https://htmlpreview.github.io/?https://github.com/sinaamini11/Louisiana_Region5_Water_Levels/blob/main/Output/CRMS0552-H01/CRMS0552-H01.html,Teche/Vermilion,Teche/Vermilion
ME04-19,29.6998657531,-92.31643033739999,2.71,1998-09-14 14:00:00,-0.73,1999-08-14 04:00:00,https://github.com/sinaamini11/Louisiana_Region5_Water_Levels/tree/main/temp/Station ID=CRMS0565-H01,https://github.com/sinaamini11/Louisiana_Region5_Water_Levels/blob/main/Output/ME04-19/ME04-19_Processed.csv,https://htmlpreview.github.io/?https://github.com/sinaamini11/Louisiana_Region5_Water_Levels/blob/main/Output/ME04-19/ME04-19.html,Mermentau,Mermentau
CRMS0556-H01,29.9152984552,-92.78717651900001,4.084,2008-09-15 03:00:00,-0.86,2018-08-26 15:00:00,https://github.com/sinaamini11/Louisiana_Region5_Water_Levels/tree/main/temp/Station ID=CRMS0565-H01,https://github.com/sinaamini11/Louisiana_Region5_Water_Levels/blob/main/Output/CRMS0556-H01/CRMS0556-H01_Processed.csv,https://htmlpreview.github.io/?https://github.com/sinaamini11/Louisiana_Region5_Water_Levels/blob/main/Output/CRMS0556-H01/CRMS0556-H01.html,Mermentau,Mermentau
CRMS0532-H01,29.825115212300002,-91.9486284651,8.468,2008-09-12 13:00:00,-2.42,2013-11-27 02:00:00,https://github.com/sinaamini11/Louisiana_Region5_Water_Levels/tree/main/temp/Station ID=CRMS0565-H01,https://github.com/sinaamini11/Louisiana_Region5_Water_Levels/blob/main/Output/CRMS0532-H01/CRMS0532-H01_Processed.csv,https://htmlpreview.github.io/?https://github.com/sinaamini11/Louisiana_Region5_Water_Levels/blob/main/Output/CRMS0532-H01/CRMS0532-H01.html,Teche/Vermilion,Teche/Vermilion
ME16-05R,29.7121103065,-92.58311122239999,3.392,2002-11-11 18:00:00,-0.8380000000000001,2002-10-03 05:00:00,https://github.com/sinaamini11/Louisiana_Region5_Water_Levels/tree/main/temp/Station ID=CRMS0565-H01,https://github.com/sinaamini11/Louisiana_Region5_Water_Levels/blob/main/Output/ME16-05R/ME16-05R_Processed.csv,https://htmlpreview.github.io/?https://github.com/sinaamini11/Louisiana_Region5_Water_Levels/blob/main/Output/ME16-05R/ME16-05R.html,Mermentau,Mermentau
CRMS0488-H02,29.7068049611,-91.5412666405,6.63,2020-08-26 23:00:00,1.31,2020-08-23 13:00:00,https://github.com/sinaamini11/Louisiana_Region5_Water_Levels/tree/main/temp/Station ID=CRMS0565-H01,https://github.com/sinaamini11/Louisiana_Region5_Water_Levels/blob/main/Output/CRMS0488-H02/CRMS0488-H02_Processed.csv,https://htmlpreview.github.io/?https://github.com/sinaamini11/Louisiana_Region5_Water_Levels/blob/main/Output/CRMS0488-H02/CRMS0488-H02.html,Teche/Vermilion,Teche/Vermilion
CRMS0531-H01,29.8560647175,-91.9509989672,8.03,2020-10-09 14:00:00,-1.14,2019-01-20 05:00:00,https://github.com/sinaamini11/Louisiana_Region5_Water_Levels/tree/main/temp/Station ID=CRMS0565-H01,https://github.com/sinaamini11/Louisiana_Region5_Water_Levels/blob/main/Output/CRMS0531-H01/CRMS0531-H01_Processed.csv,https://htmlpreview.github.io/?https://github.com/sinaamini11/Louisiana_Region5_Water_Levels/blob/main/Output/CRMS0531-H01/CRMS0531-H01.html,Teche/Vermilion,Teche/Vermilion
CS04a-EC7-T,29.8630146329,-93.1429696723,0.7990000000000002,2012-09-30 17:00:00,0.16899999999999998,2012-10-13 07:00:00,https://github.com/sinaamini11/Louisiana_Region5_Water_Levels/tree/main/temp/Station ID=CRMS0565-H01,https://github.com/sinaamini11/Louisiana_Region5_Water_Levels/blob/main/Output/CS04a-EC7-T/CS04a-EC7-T_Processed.csv,https://htmlpreview.github.io/?https://github.com/sinaamini11/Louisiana_Region5_Water_Levels/blob/main/Output/CS04a-EC7-T/CS04a-EC7-T.html,Calcasieu/Sabine,Calcasieu/Sabine
CRMS0544-H01,29.6867773949,-91.5761218893,5.06,2011-09-04 02:00:00,-1.7,2006-12-04 06:00:00,https://github.com/sinaamini11/Louisiana_Region5_Water_Levels/tree/main/temp/Station ID=CRMS0565-H01,https://github.com/sinaamini11/Louisiana_Region5_Water_Levels/blob/main/Output/CRMS0544-H01/CRMS0544-H01_Processed.csv,https://htmlpreview.github.io/?https://github.com/sinaamini11/Louisiana_Region5_Water_Levels/blob/main/Output/CRMS0544-H01/CRMS0544-H01.html,Teche/Vermilion,Teche/Vermilion
CRMS1277-H01,29.8239676125,-92.477804599,3.1559999999999997,2008-09-16 10:00:00,-1.6139999999999999,2011-06-20 06:00:00,https://github.com/sinaamini11/Louisiana_Region5_Water_Levels/tree/main/temp/Station ID=CRMS0565-H01,https://github.com/sinaamini11/Louisiana_Region5_Water_Levels/blob/main/Output/CRMS1277-H01/CRMS1277-H01_Processed.csv,https://htmlpreview.github.io/?https://github.com/sinaamini11/Louisiana_Region5_Water_Levels/blob/main/Output/CRMS1277-H01/CRMS1277-H01.html,Mermentau,Mermentau
CRMS2041-H01,29.770548475100004,-92.16341638899999,9.04,2020-08-26 21:00:00,-0.98,2015-10-02 08:00:00,https://github.com/sinaamini11/Louisiana_Region5_Water_Levels/tree/main/temp/Station ID=CRMS0565-H01,https://github.com/sinaamini11/Louisiana_Region5_Water_Levels/blob/main/Output/CRMS2041-H01/CRMS2041-H01_Processed.csv,https://htmlpreview.github.io/?https://github.com/sinaamini11/Louisiana_Region5_Water_Levels/blob/main/Output/CRMS2041-H01/CRMS2041-H01.html,Teche/Vermilion,Teche/Vermilion
CRMS0570-H01,29.8006118586,-92.38919068540001,5.214,2008-09-16 00:00:00,-0.43,2018-06-18 20:00:00,https://github.com/sinaamini11/Louisiana_Region5_Water_Levels/tree/main/temp/Station ID=CRMS0565-H01,https://github.com/sinaamini11/Louisiana_Region5_Water_Levels/blob/main/Output/CRMS0570-H01/CRMS0570-H01_Processed.csv,https://htmlpreview.github.io/?https://github.com/sinaamini11/Louisiana_Region5_Water_Levels/blob/main/Output/CRMS0570-H01/CRMS0570-H01.html,Mermentau,Mermentau
CRMS0600-H01,29.5768385389,-92.53483950210001,10.84,2020-08-26 17:00:00,-1.67,2018-01-01 00:00:00,https://github.com/sinaamini11/Louisiana_Region5_Water_Levels/tree/main/temp/Station ID=CRMS0565-H01,https://github.com/sinaamini11/Louisiana_Region5_Water_Levels/blob/main/Output/CRMS0600-H01/CRMS0600-H01_Processed.csv,https://htmlpreview.github.io/?https://github.com/sinaamini11/Louisiana_Region5_Water_Levels/blob/main/Output/CRMS0600-H01/CRMS0600-H01.html,Mermentau,Mermentau
CRMS4779-H01,29.6413943109,-91.44760260059999,7.0,2019-07-13 10:00:00,-0.08200000000000007,2008-12-22 04:00:00,https://github.com/sinaamini11/Louisiana_Region5_Water_Levels/tree/main/temp/Station ID=CRMS0565-H01,https://github.com/sinaamini11/Louisiana_Region5_Water_Levels/blob/main/Output/CRMS4779-H01/CRMS4779-H01_Processed.csv,https://htmlpreview.github.io/?https://github.com/sinaamini11/Louisiana_Region5_Water_Levels/blob/main/Output/CRMS4779-H01/CRMS4779-H01.html,Atchafalaya,Atchafalaya
CRMS4782-H01,29.664805085900003,-91.4423787652,8.19,2019-07-13 10:00:00,-1.073,2011-01-08 07:00:00,https://github.com/sinaamini11/Louisiana_Region5_Water_Levels/tree/main/temp/Station ID=CRMS0565-H01,https://github.com/sinaamini11/Louisiana_Region5_Water_Levels/blob/main/Output/CRMS4782-H01/CRMS4782-H01_Processed.csv,https://htmlpreview.github.io/?https://github.com/sinaamini11/Louisiana_Region5_Water_Levels/blob/main/Output/CRMS4782-H01/CRMS4782-H01.html,Atchafalaya,Atchafalaya
CRMS0609-H01,29.6397965777,-92.604045395,5.67,2008-09-12 15:00:00,-0.18,2014-01-23 21:00:00,https://github.com/sinaamini11/Louisiana_Region5_Water_Levels/tree/main/temp/Station ID=CRMS0565-H01,https://github.com/sinaamini11/Louisiana_Region5_Water_Levels/blob/main/Output/CRMS0609-H01/CRMS0609-H01_Processed.csv,https://htmlpreview.github.io/?https://github.com/sinaamini11/Louisiana_Region5_Water_Levels/blob/main/Output/CRMS0609-H01/CRMS0609-H01.html,Mermentau,Mermentau
CRMS0571-H01,29.709556785500002,-92.2926694757,6.069000000000001,2008-09-12 14:00:00,0.14900000000000002,2009-03-04 05:00:00,https://github.com/sinaamini11/Louisiana_Region5_Water_Levels/tree/main/temp/Station ID=CRMS0565-H01,https://github.com/sinaamini11/Louisiana_Region5_Water_Levels/blob/main/Output/CRMS0571-H01/CRMS0571-H01_Processed.csv,https://htmlpreview.github.io/?https://github.com/sinaamini11/Louisiana_Region5_Water_Levels/blob/main/Output/CRMS0571-H01/CRMS0571-H01.html,Mermentau,Mermentau
CRMS0543-H01,29.7523613221,-91.63479963520001,5.286,2008-09-12 03:00:00,-0.724,2006-12-07 19:00:00,https://github.com/sinaamini11/Louisiana_Region5_Water_Levels/tree/main/temp/Station ID=CRMS0565-H01,https://github.com/sinaamini11/Louisiana_Region5_Water_Levels/blob/main/Output/CRMS0543-H01/CRMS0543-H01_Processed.csv,https://htmlpreview.github.io/?https://github.com/sinaamini11/Louisiana_Region5_Water_Levels/blob/main/Output/CRMS0543-H01/CRMS0543-H01.html,Teche/Vermilion,Teche/Vermilion
CRMS0547-H01,29.8385935524,-91.7021741768,4.654,2008-09-13 13:00:00,-2.186,2007-12-13 09:00:00,https://github.com/sinaamini11/Louisiana_Region5_Water_Levels/tree/main/temp/Station ID=CRMS0565-H01,https://github.com/sinaamini11/Louisiana_Region5_Water_Levels/blob/main/Output/CRMS0547-H01/CRMS0547-H01_Processed.csv,https://htmlpreview.github.io/?https://github.com/sinaamini11/Louisiana_Region5_Water_Levels/blob/main/Output/CRMS0547-H01/CRMS0547-H01.html,Teche/Vermilion,Teche/Vermilion
TV14-23,29.557564696999997,-91.7734913872,4.4159999999999995,2005-09-23 13:00:00,-2.0540000000000003,2003-01-03 01:00:00,https://github.com/sinaamini11/Louisiana_Region5_Water_Levels/tree/main/temp/Station ID=CRMS0565-H01,https://github.com/sinaamini11/Louisiana_Region5_Water_Levels/blob/main/Output/TV14-23/TV14-23_Processed.csv,https://htmlpreview.github.io/?https://github.com/sinaamini11/Louisiana_Region5_Water_Levels/blob/main/Output/TV14-23/TV14-23.html,Teche/Vermilion,Teche/Vermilion
CRMS0595-H01,29.8537063544,-92.6374307618,3.7079999999999997,2008-09-15 10:00:00,-1.14,2017-01-21 08:00:00,https://github.com/sinaamini11/Louisiana_Region5_Water_Levels/tree/main/temp/Station ID=CRMS0565-H01,https://github.com/sinaamini11/Louisiana_Region5_Water_Levels/blob/main/Output/CRMS0595-H01/CRMS0595-H01_Processed.csv,https://htmlpreview.github.io/?https://github.com/sinaamini11/Louisiana_Region5_Water_Levels/blob/main/Output/CRMS0595-H01/CRMS0595-H01.html,Mermentau,Mermentau
CRMS1446-H0X,29.933206931799997,-92.8275514503,4.64,2020-10-09 11:00:00,0.02,2019-12-23 01:00:00,https://github.com/sinaamini11/Louisiana_Region5_Water_Levels/tree/main/temp/Station ID=CRMS0565-H01,https://github.com/sinaamini11/Louisiana_Region5_Water_Levels/blob/main/Output/CRMS1446-H0X/CRMS1446-H0X_Processed.csv,https://htmlpreview.github.io/?https://github.com/sinaamini11/Louisiana_Region5_Water_Levels/blob/main/Output/CRMS1446-H0X/CRMS1446-H0X.html,Mermentau,Mermentau
CRMS0616-H01,29.730862465700003,-92.2612395384,8.776,2008-09-12 16:00:00,-0.124,2011-02-14 11:00:00,https://github.com/sinaamini11/Louisiana_Region5_Water_Levels/tree/main/temp/Station ID=CRMS0565-H01,https://github.com/sinaamini11/Louisiana_Region5_Water_Levels/blob/main/Output/CRMS0616-H01/CRMS0616-H01_Processed.csv,https://htmlpreview.github.io/?https://github.com/sinaamini11/Louisiana_Region5_Water_Levels/blob/main/Output/CRMS0616-H01/CRMS0616-H01.html,Mermentau,Mermentau
ME14-02R,29.616332220700002,-92.449778019,2.559,2003-07-16 11:00:00,-0.661,2003-01-24 00:00:00,https://github.com/sinaamini11/Louisiana_Region5_Water_Levels/tree/main/temp/Station ID=CRMS0565-H01,https://github.com/sinaamini11/Louisiana_Region5_Water_Levels/blob/main/Output/ME14-02R/ME14-02R_Processed.csv,https://htmlpreview.github.io/?https://github.com/sinaamini11/Louisiana_Region5_Water_Levels/blob/main/Output/ME14-02R/ME14-02R.html,Mermentau,Mermentau
CRMS0583-H01,29.8397591778,-92.9169415633,5.26,2020-08-27 03:00:00,-1.4529999999999998,2011-06-22 03:00:00,https://github.com/sinaamini11/Louisiana_Region5_Water_Levels/tree/main/temp/Station ID=CRMS0565-H01,https://github.com/sinaamini11/Louisiana_Region5_Water_Levels/blob/main/Output/CRMS0583-H01/CRMS0583-H01_Processed.csv,https://htmlpreview.github.io/?https://github.com/sinaamini11/Louisiana_Region5_Water_Levels/blob/main/Output/CRMS0583-H01/CRMS0583-H01.html,Mermentau,Mermentau
AT04-01,29.502195485500003,-91.27097204219999,2.7859999999999996,2003-05-17 03:30:00,-0.254,2003-04-09 23:00:00,https://github.com/sinaamini11/Louisiana_Region5_Water_Levels/tree/main/temp/Station ID=CRMS0565-H01,https://github.com/sinaamini11/Louisiana_Region5_Water_Levels/blob/main/Output/AT04-01/AT04-01_Processed.csv,https://htmlpreview.github.io/?https://github.com/sinaamini11/Louisiana_Region5_Water_Levels/blob/main/Output/AT04-01/AT04-01.html,Atchafalaya,Atchafalaya
CRMS0535-H01,29.6423268333,-92.1661861558,7.94,2020-08-26 21:00:00,-1.93,2017-01-29 10:00:00,https://github.com/sinaamini11/Louisiana_Region5_Water_Levels/tree/main/temp/Station ID=CRMS0565-H01,https://github.com/sinaamini11/Louisiana_Region5_Water_Levels/blob/main/Output/CRMS0535-H01/CRMS0535-H01_Processed.csv,https://htmlpreview.github.io/?https://github.com/sinaamini11/Louisiana_Region5_Water_Levels/blob/main/Output/CRMS0535-H01/CRMS0535-H01.html,Teche/Vermilion,Teche/Vermilion
CRMS0599-H01,29.610038434699998,-92.6632073096,9.16,2008-09-12 11:00:00,0.27,2007-12-05 01:00:00,https://github.com/sinaamini11/Louisiana_Region5_Water_Levels/tree/main/temp/Station ID=CRMS0565-H01,https://github.com/sinaamini11/Louisiana_Region5_Water_Levels/blob/main/Output/CRMS0599-H01/CRMS0599-H01_Processed.csv,https://htmlpreview.github.io/?https://github.com/sinaamini11/Louisiana_Region5_Water_Levels/blob/main/Output/CRMS0599-H01/CRMS0599-H01.html,Mermentau,Mermentau
CRMS0496-H01,29.629210772399997,-91.5474004683,8.477,2008-09-12 07:00:00,-0.683,2010-01-09 02:00:00,https://github.com/sinaamini11/Louisiana_Region5_Water_Levels/tree/main/temp/Station ID=CRMS0565-H01,https://github.com/sinaamini11/Louisiana_Region5_Water_Levels/blob/main/Output/CRMS0496-H01/CRMS0496-H01_Processed.csv,https://htmlpreview.github.io/?https://github.com/sinaamini11/Louisiana_Region5_Water_Levels/blob/main/Output/CRMS0496-H01/CRMS0496-H01.html,Teche/Vermilion,Teche/Vermilion
CRMS0499-H01,29.570799659099997,-91.8549797358,7.42,2020-08-26 21:00:00,-0.93,2018-01-01 00:00:00,https://github.com/sinaamini11/Louisiana_Region5_Water_Levels/tree/main/temp/Station ID=CRMS0565-H01,https://github.com/sinaamini11/Louisiana_Region5_Water_Levels/blob/main/Output/CRMS0499-H01/CRMS0499-H01_Processed.csv,https://htmlpreview.github.io/?https://github.com/sinaamini11/Louisiana_Region5_Water_Levels/blob/main/Output/CRMS0499-H01/CRMS0499-H01.html,Teche/Vermilion,Teche/Vermilion
CRMS0493-H02,29.755238121999998,-91.7611511075,9.22,2020-08-26 21:00:00,-0.92,2015-09-12 18:00:00,https://github.com/sinaamini11/Louisiana_Region5_Water_Levels/tree/main/temp/Station ID=CRMS0565-H01,https://github.com/sinaamini11/Louisiana_Region5_Water_Levels/blob/main/Output/CRMS0493-H02/CRMS0493-H02_Processed.csv,https://htmlpreview.github.io/?https://github.com/sinaamini11/Louisiana_Region5_Water_Levels/blob/main/Output/CRMS0493-H02/CRMS0493-H02.html,Teche/Vermilion,Teche/Vermilion
CRMS0514-H01,29.8526641923,-91.82543770950001,4.667,2008-09-12 13:00:00,-1.1829999999999998,2007-10-28 12:00:00,https://github.com/sinaamini11/Louisiana_Region5_Water_Levels/tree/main/temp/Station ID=CRMS0565-H01,https://github.com/sinaamini11/Louisiana_Region5_Water_Levels/blob/main/Output/CRMS0514-H01/CRMS0514-H01_Processed.csv,https://htmlpreview.github.io/?https://github.com/sinaamini11/Louisiana_Region5_Water_Levels/blob/main/Output/CRMS0514-H01/CRMS0514-H01.html,Teche/Vermilion,Teche/Vermilion
TV04-22,29.667528420100002,-91.56988877370001,4.851,2005-09-23 17:00:00,-2.679,2007-01-16 02:00:00,https://github.com/sinaamini11/Louisiana_Region5_Water_Levels/tree/main/temp/Station ID=CRMS0565-H01,https://github.com/sinaamini11/Louisiana_Region5_Water_Levels/blob/main/Output/TV04-22/TV04-22_Processed.csv,https://htmlpreview.github.io/?https://github.com/sinaamini11/Louisiana_Region5_Water_Levels/blob/main/Output/TV04-22/TV04-22.html,Teche/Vermilion,Teche/Vermilion
TV21CR01-H01,29.5546040087,-91.72360128810001,4.095999999999999,2015-10-25 21:00:00,-2.454,2012-08-29 14:00:00,https://github.com/sinaamini11/Louisiana_Region5_Water_Levels/tree/main/temp/Station ID=CRMS0565-H01,https://github.com/sinaamini11/Louisiana_Region5_Water_Levels/blob/main/Output/TV21CR01-H01/TV21CR01-H01_Processed.csv,https://htmlpreview.github.io/?https://github.com/sinaamini11/Louisiana_Region5_Water_Levels/blob/main/Output/TV21CR01-H01/TV21CR01-H01.html,Teche/Vermilion,Teche/Vermilion
CRMS0604-H01,29.7578477451,-92.7560650464,5.715999999999999,2008-09-13 01:00:00,-0.954,2011-06-20 08:00:00,https://github.com/sinaamini11/Louisiana_Region5_Water_Levels/tree/main/temp/Station ID=CRMS0565-H01,https://github.com/sinaamini11/Louisiana_Region5_Water_Levels/blob/main/Output/CRMS0604-H01/CRMS0604-H01_Processed.csv,https://htmlpreview.github.io/?https://github.com/sinaamini11/Louisiana_Region5_Water_Levels/blob/main/Output/CRMS0604-H01/CRMS0604-H01.html,Mermentau,Mermentau
CRMS0604-H02,29.7583277409,-92.7536188009,1.09,2019-10-25 20:00:00,-0.24,2019-12-29 09:00:00,https://github.com/sinaamini11/Louisiana_Region5_Water_Levels/tree/main/temp/Station ID=CRMS0565-H01,https://github.com/sinaamini11/Louisiana_Region5_Water_Levels/blob/main/Output/CRMS0604-H02/CRMS0604-H02_Processed.csv,https://htmlpreview.github.io/?https://github.com/sinaamini11/Louisiana_Region5_Water_Levels/blob/main/Output/CRMS0604-H02/CRMS0604-H02.html,Mermentau,Mermentau
CRMS0513-H01,29.7926732907,-91.6042441719,6.614,2008-09-13 07:00:00,0.23399999999999999,2006-07-02 19:00:00,https://github.com/sinaamini11/Louisiana_Region5_Water_Levels/tree/main/temp/Station ID=CRMS0565-H01,https://github.com/sinaamini11/Louisiana_Region5_Water_Levels/blob/main/Output/CRMS0513-H01/CRMS0513-H01_Processed.csv,https://htmlpreview.github.io/?https://github.com/sinaamini11/Louisiana_Region5_Water_Levels/blob/main/Output/CRMS0513-H01/CRMS0513-H01.html,Teche/Vermilion,Teche/Vermilion
CRMS0615-H01,29.6797736617,-92.8215728248,3.67,2017-06-22 01:00:00,-0.89,2014-04-03 16:00:00,https://github.com/sinaamini11/Louisiana_Region5_Water_Levels/tree/main/temp/Station ID=CRMS0565-H01,https://github.com/sinaamini11/Louisiana_Region5_Water_Levels/blob/main/Output/CRMS0615-H01/CRMS0615-H01_Processed.csv,https://htmlpreview.github.io/?https://github.com/sinaamini11/Louisiana_Region5_Water_Levels/blob/main/Output/CRMS0615-H01/CRMS0615-H01.html,Mermentau,Mermentau
AT04-02,29.448555516,-91.2849719999,4.867999999999999,2003-07-14 04:30:00,-0.482,2003-04-09 20:00:00,https://github.com/sinaamini11/Louisiana_Region5_Water_Levels/tree/main/temp/Station ID=CRMS0565-H01,https://github.com/sinaamini11/Louisiana_Region5_Water_Levels/blob/main/Output/AT04-02/AT04-02_Processed.csv,https://htmlpreview.github.io/?https://github.com/sinaamini11/Louisiana_Region5_Water_Levels/blob/main/Output/AT04-02/AT04-02.html,Atchafalaya,Atchafalaya
CRMS0493-H01,29.755722151999997,-91.7583087906,5.429,2011-09-04 00:00:00,-1.471,2008-01-02 01:00:00,https://github.com/sinaamini11/Louisiana_Region5_Water_Levels/tree/main/temp/Station ID=CRMS0565-H01,https://github.com/sinaamini11/Louisiana_Region5_Water_Levels/blob/main/Output/CRMS0493-H01/CRMS0493-H01_Processed.csv,https://htmlpreview.github.io/?https://github.com/sinaamini11/Louisiana_Region5_Water_Levels/blob/main/Output/CRMS0493-H01/CRMS0493-H01.html,Teche/Vermilion,Teche/Vermilion
CRMS0489-H01,29.6013169086,-91.5418361833,8.76,2019-07-13 07:00:00,-1.09,2015-01-07 05:00:00,https://github.com/sinaamini11/Louisiana_Region5_Water_Levels/tree/main/temp/Station ID=CRMS0565-H01,https://github.com/sinaamini11/Louisiana_Region5_Water_Levels/blob/main/Output/CRMS0489-H01/CRMS0489-H01_Processed.csv,https://htmlpreview.github.io/?https://github.com/sinaamini11/Louisiana_Region5_Water_Levels/blob/main/Output/CRMS0489-H01/CRMS0489-H01.html,Teche/Vermilion,Teche/Vermilion
CRMS1409-H0X,29.849617891100003,-93.00561118600001,1.07,2020-01-27 04:00:00,0.23,2020-04-16 11:00:00,https://github.com/sinaamini11/Louisiana_Region5_Water_Levels/tree/main/temp/Station ID=CRMS0565-H01,https://github.com/sinaamini11/Louisiana_Region5_Water_Levels/blob/main/Output/CRMS1409-H0X/CRMS1409-H0X_Processed.csv,https://htmlpreview.github.io/?https://github.com/sinaamini11/Louisiana_Region5_Water_Levels/blob/main/Output/CRMS1409-H0X/CRMS1409-H0X.html,Mermentau,Mermentau
ME16-01,29.6368062744,-92.57038883700001,2.346,2002-11-05 23:00:00,-0.08399999999999996,2001-06-05 04:00:00,https://github.com/sinaamini11/Louisiana_Region5_Water_Levels/tree/main/temp/Station ID=CRMS0565-H01,https://github.com/sinaamini11/Louisiana_Region5_Water_Levels/blob/main/Output/ME16-01/ME16-01_Processed.csv,https://htmlpreview.github.io/?https://github.com/sinaamini11/Louisiana_Region5_Water_Levels/blob/main/Output/ME16-01/ME16-01.html,Mermentau,Mermentau
CRMS0584-H01,29.7930746847,-92.85669758819999,6.205,2008-09-12 23:00:00,-0.94,2014-02-06 06:00:00,https://github.com/sinaamini11/Louisiana_Region5_Water_Levels/tree/main/temp/Station ID=CRMS0565-H01,https://github.com/sinaamini11/Louisiana_Region5_Water_Levels/blob/main/Output/CRMS0584-H01/CRMS0584-H01_Processed.csv,https://htmlpreview.github.io/?https://github.com/sinaamini11/Louisiana_Region5_Water_Levels/blob/main/Output/CRMS0584-H01/CRMS0584-H01.html,Mermentau,Mermentau
ME16-04R,29.576666870100002,-92.5351941441,4.976,2002-10-03 05:00:00,-1.204,2002-02-08 01:00:00,https://github.com/sinaamini11/Louisiana_Region5_Water_Levels/tree/main/temp/Station ID=CRMS0565-H01,https://github.com/sinaamini11/Louisiana_Region5_Water_Levels/blob/main/Output/ME16-04R/ME16-04R_Processed.csv,https://htmlpreview.github.io/?https://github.com/sinaamini11/Louisiana_Region5_Water_Levels/blob/main/Output/ME16-04R/ME16-04R.html,Mermentau,Mermentau
CRMS0584-H02,29.7969359253,-92.8580452749,7.22,2020-08-26 21:00:00,-0.35,2020-04-11 06:00:00,https://github.com/sinaamini11/Louisiana_Region5_Water_Levels/tree/main/temp/Station ID=CRMS0565-H01,https://github.com/sinaamini11/Louisiana_Region5_Water_Levels/blob/main/Output/CRMS0584-H02/CRMS0584-H02_Processed.csv,https://htmlpreview.github.io/?https://github.com/sinaamini11/Louisiana_Region5_Water_Levels/blob/main/Output/CRMS0584-H02/CRMS0584-H02.html,Mermentau,Mermentau
CRMS1650-H01,29.810668905,-92.0415391787,6.76,2019-07-13 14:00:00,-1.32,2016-01-22 04:00:00,https://github.com/sinaamini11/Louisiana_Region5_Water_Levels/tree/main/temp/Station ID=CRMS0565-H01,https://github.com/sinaamini11/Louisiana_Region5_Water_Levels/blob/main/Output/CRMS1650-H01/CRMS1650-H01_Processed.csv,https://htmlpreview.github.io/?https://github.com/sinaamini11/Louisiana_Region5_Water_Levels/blob/main/Output/CRMS1650-H01/CRMS1650-H01.html,Teche/Vermilion,Teche/Vermilion
TV04-01R,29.6388213092,-91.55733315350001,5.17,2000-11-06 04:00:00,-4.0200000000000005,1999-04-26 03:00:00,https://github.com/sinaamini11/Louisiana_Region5_Water_Levels/tree/main/temp/Station ID=CRMS0565-H01,https://github.com/sinaamini11/Louisiana_Region5_Water_Levels/blob/main/Output/TV04-01R/TV04-01R_Processed.csv,https://htmlpreview.github.io/?https://github.com/sinaamini11/Louisiana_Region5_Water_Levels/blob/main/Output/TV04-01R/TV04-01R.html,Teche/Vermilion,Teche/Vermilion
CRMS0488-H01,29.707339565100003,-91.5408642584,6.28,2008-09-13 02:00:00,0.5,2015-10-14 03:00:00,https://github.com/sinaamini11/Louisiana_Region5_Water_Levels/tree/main/temp/Station ID=CRMS0565-H01,https://github.com/sinaamini11/Louisiana_Region5_Water_Levels/blob/main/Output/CRMS0488-H01/CRMS0488-H01_Processed.csv,https://htmlpreview.github.io/?https://github.com/sinaamini11/Louisiana_Region5_Water_Levels/blob/main/Output/CRMS0488-H01/CRMS0488-H01.html,Teche/Vermilion,Teche/Vermilion
CRMS0461-H01,29.5846948627,-91.32607489760001,8.47,2019-07-13 07:00:00,-1.12,2015-08-25 15:00:00,https://github.com/sinaamini11/Louisiana_Region5_Water_Levels/tree/main/temp/Station ID=CRMS0565-H01,https://github.com/sinaamini11/Louisiana_Region5_Water_Levels/blob/main/Output/CRMS0461-H01/CRMS0461-H01_Processed.csv,https://htmlpreview.github.io/?https://github.com/sinaamini11/Louisiana_Region5_Water_Levels/blob/main/Output/CRMS0461-H01/CRMS0461-H01.html,Atchafalaya,Atchafalaya
TV04-02,29.6685437839,-91.5692809342,4.081,2000-11-06 05:00:00,-4.099,1997-12-31 06:00:00,https://github.com/sinaamini11/Louisiana_Region5_Water_Levels/tree/main/temp/Station ID=CRMS0565-H01,https://github.com/sinaamini11/Louisiana_Region5_Water_Levels/blob/main/Output/TV04-02/TV04-02_Processed.csv,https://htmlpreview.github.io/?https://github.com/sinaamini11/Louisiana_Region5_Water_Levels/blob/main/Output/TV04-02/TV04-02.html,Teche/Vermilion,Teche/Vermilion
TV14-02,29.557564696999997,-91.7734913872,3.946,2001-10-13 04:00:00,-21.413999999999998,2001-09-11 03:00:00,https://github.com/sinaamini11/Louisiana_Region5_Water_Levels/tree/main/temp/Station ID=CRMS0565-H01,https://github.com/sinaamini11/Louisiana_Region5_Water_Levels/blob/main/Output/TV14-02/TV14-02_Processed.csv,https://htmlpreview.github.io/?https://github.com/sinaamini11/Louisiana_Region5_Water_Levels/blob/main/Output/TV14-02/TV14-02.html,Teche/Vermilion,Teche/Vermilion
CRMS0587-H01,29.7977866422,-92.9126215826,5.601,2008-09-12 22:00:00,-1.7,2014-07-07 18:00:00,https://github.com/sinaamini11/Louisiana_Region5_Water_Levels/tree/main/temp/Station ID=CRMS0565-H01,https://github.com/sinaamini11/Louisiana_Region5_Water_Levels/blob/main/Output/CRMS0587-H01/CRMS0587-H01_Processed.csv,https://htmlpreview.github.io/?https://github.com/sinaamini11/Louisiana_Region5_Water_Levels/blob/main/Output/CRMS0587-H01/CRMS0587-H01.html,Mermentau,Mermentau
CRMS0552-H02,29.7971587,-92.13615892989999,8.36,2020-08-26 22:00:00,-1.17,2018-01-12 17:00:00,https://github.com/sinaamini11/Louisiana_Region5_Water_Levels/tree/main/temp/Station ID=CRMS0565-H01,https://github.com/sinaamini11/Louisiana_Region5_Water_Levels/blob/main/Output/CRMS0552-H02/CRMS0552-H02_Processed.csv,https://htmlpreview.github.io/?https://github.com/sinaamini11/Louisiana_Region5_Water_Levels/blob/main/Output/CRMS0552-H02/CRMS0552-H02.html,Teche/Vermilion,Teche/Vermilion
CRMS0576-H01,29.5913757985,-92.4805645182,6.526,2008-09-12 19:00:00,-0.12,2015-04-02 10:00:00,https://github.com/sinaamini11/Louisiana_Region5_Water_Levels/tree/main/temp/Station ID=CRMS0565-H01,https://github.com/sinaamini11/Louisiana_Region5_Water_Levels/blob/main/Output/CRMS0576-H01/CRMS0576-H01_Processed.csv,https://htmlpreview.github.io/?https://github.com/sinaamini11/Louisiana_Region5_Water_Levels/blob/main/Output/CRMS0576-H01/CRMS0576-H01.html,Mermentau,Mermentau
CRMS0527-H01,29.7116011542,-91.8590481123,4.237,2011-09-04 02:00:00,-1.193,2008-01-02 07:00:00,https://github.com/sinaamini11/Louisiana_Region5_Water_Levels/tree/main/temp/Station ID=CRMS0565-H01,https://github.com/sinaamini11/Louisiana_Region5_Water_Levels/blob/main/Output/CRMS0527-H01/CRMS0527-H01_Processed.csv,https://htmlpreview.github.io/?https://github.com/sinaamini11/Louisiana_Region5_Water_Levels/blob/main/Output/CRMS0527-H01/CRMS0527-H01.html,Teche/Vermilion,Teche/Vermilion
CRMS4808-H01,29.635413384099998,-91.41545320280001,8.35,2019-07-13 09:00:00,-0.27,2015-01-28 05:00:00,https://github.com/sinaamini11/Louisiana_Region5_Water_Levels/tree/main/temp/Station ID=CRMS0565-H01,https://github.com/sinaamini11/Louisiana_Region5_Water_Levels/blob/main/Output/CRMS4808-H01/CRMS4808-H01_Processed.csv,https://htmlpreview.github.io/?https://github.com/sinaamini11/Louisiana_Region5_Water_Levels/blob/main/Output/CRMS4808-H01/CRMS4808-H01.html,Atchafalaya,Atchafalaya
CRMS0619-H01,29.6867478467,-92.2616900864,7.169,2008-09-12 13:00:00,0.369,2009-06-21 01:00:00,https://github.com/sinaamini11/Louisiana_Region5_Water_Levels/tree/main/temp/Station ID=CRMS0565-H01,https://github.com/sinaamini11/Louisiana_Region5_Water_Levels/blob/main/Output/CRMS0619-H01/CRMS0619-H01_Processed.csv,https://htmlpreview.github.io/?https://github.com/sinaamini11/Louisiana_Region5_Water_Levels/blob/main/Output/CRMS0619-H01/CRMS0619-H01.html,Mermentau,Mermentau
CRMS0529-H02,29.597237837399998,-91.9214119727,6.22,2020-10-09 15:00:00,-1.12,2018-04-15 15:00:00,https://github.com/sinaamini11/Louisiana_Region5_Water_Levels/tree/main/temp/Station ID=CRMS0565-H01,https://github.com/sinaamini11/Louisiana_Region5_Water_Levels/blob/main/Output/CRMS0529-H02/CRMS0529-H02_Processed.csv,https://htmlpreview.github.io/?https://github.com/sinaamini11/Louisiana_Region5_Water_Levels/blob/main/Output/CRMS0529-H02/CRMS0529-H02.html,Teche/Vermilion,Teche/Vermilion
CRMS0553-H02,29.849617891100003,-93.00561118600001,2.14,2019-06-06 00:00:00,0.05,2019-04-02 19:00:00,https://github.com/sinaamini11/Louisiana_Region5_Water_Levels/tree/main/temp/Station ID=CRMS0565-H01,https://github.com/sinaamini11/Louisiana_Region5_Water_Levels/blob/main/Output/CRMS0553-H02/CRMS0553-H02_Processed.csv,https://htmlpreview.github.io/?https://github.com/sinaamini11/Louisiana_Region5_Water_Levels/blob/main/Output/CRMS0553-H02/CRMS0553-H02.html,Mermentau,Mermentau
CRMS0575-H01,29.9319476347,-92.949566573,3.799,2013-01-20 06:00:00,-1.011,2011-07-06 00:00:00,https://github.com/sinaamini11/Louisiana_Region5_Water_Levels/tree/main/temp/Station ID=CRMS0565-H01,https://github.com/sinaamini11/Louisiana_Region5_Water_Levels/blob/main/Output/CRMS0575-H01/CRMS0575-H01_Processed.csv,https://htmlpreview.github.io/?https://github.com/sinaamini11/Louisiana_Region5_Water_Levels/blob/main/Output/CRMS0575-H01/CRMS0575-H01.html,Mermentau,Mermentau
CRMS0603-H01,29.8018194898,-92.7601054182,4.628,2008-09-13 14:00:00,-0.772,2011-06-19 15:00:00,https://github.com/sinaamini11/Louisiana_Region5_Water_Levels/tree/main/temp/Station ID=CRMS0565-H01,https://github.com/sinaamini11/Louisiana_Region5_Water_Levels/blob/main/Output/CRMS0603-H01/CRMS0603-H01_Processed.csv,https://htmlpreview.github.io/?https://github.com/sinaamini11/Louisiana_Region5_Water_Levels/blob/main/Output/CRMS0603-H01/CRMS0603-H01.html,Mermentau,Mermentau
CRMS0508-H01,29.6399869525,-92.22652868790001,7.2,2020-08-27 00:00:00,-0.283,2011-02-23 02:00:00,https://github.com/sinaamini11/Louisiana_Region5_Water_Levels/tree/main/temp/Station ID=CRMS0565-H01,https://github.com/sinaamini11/Louisiana_Region5_Water_Levels/blob/main/Output/CRMS0508-H01/CRMS0508-H01_Processed.csv,https://htmlpreview.github.io/?https://github.com/sinaamini11/Louisiana_Region5_Water_Levels/blob/main/Output/CRMS0508-H01/CRMS0508-H01.html,Teche/Vermilion,Teche/Vermilion
CRMS0588-H01,29.773273154800002,-92.8229192293,6.348,2008-09-12 22:00:00,-0.14200000000000002,2010-12-13 07:00:00,https://github.com/sinaamini11/Louisiana_Region5_Water_Levels/tree/main/temp/Station ID=CRMS0565-H01,https://github.com/sinaamini11/Louisiana_Region5_Water_Levels/blob/main/Output/CRMS0588-H01/CRMS0588-H01_Processed.csv,https://htmlpreview.github.io/?https://github.com/sinaamini11/Louisiana_Region5_Water_Levels/blob/main/Output/CRMS0588-H01/CRMS0588-H01.html,Mermentau,Mermentau
CRMS0557-H01,29.9413376917,-92.66730801000001,3.52,2016-08-21 08:00:00,0.32999999999999996,2010-11-08 18:00:00,https://github.com/sinaamini11/Louisiana_Region5_Water_Levels/tree/main/temp/Station ID=CRMS0565-H01,https://github.com/sinaamini11/Louisiana_Region5_Water_Levels/blob/main/Output/CRMS0557-H01/CRMS0557-H01_Processed.csv,https://htmlpreview.github.io/?https://github.com/sinaamini11/Louisiana_Region5_Water_Levels/blob/main/Output/CRMS0557-H01/CRMS0557-H01.html,Mermentau,Mermentau
CRMS0544-H02,29.686772907399998,-91.5761140778,8.66,2019-07-13 11:00:00,-1.62,2015-01-26 00:00:00,https://github.com/sinaamini11/Louisiana_Region5_Water_Levels/tree/main/temp/Station ID=CRMS0565-H01,https://github.com/sinaamini11/Louisiana_Region5_Water_Levels/blob/main/Output/CRMS0544-H02/CRMS0544-H02_Processed.csv,https://htmlpreview.github.io/?https://github.com/sinaamini11/Louisiana_Region5_Water_Levels/blob/main/Output/CRMS0544-H02/CRMS0544-H02.html,Teche/Vermilion,Teche/Vermilion
CRMS1100-H01,29.6583870448,-92.4491583598,4.04,2008-09-19 05:00:00,-0.54,2011-06-20 04:00:00,https://github.com/sinaamini11/Louisiana_Region5_Water_Levels/tree/main/temp/Station ID=CRMS0565-H01,https://github.com/sinaamini11/Louisiana_Region5_Water_Levels/blob/main/Output/CRMS1100-H01/CRMS1100-H01_Processed.csv,https://htmlpreview.github.io/?https://github.com/sinaamini11/Louisiana_Region5_Water_Levels/blob/main/Output/CRMS1100-H01/CRMS1100-H01.html,Mermentau,Mermentau
CRMS0529-H01,29.59976671,-91.9174607852,6.921,2008-09-12 06:00:00,0.29,2015-08-14 04:00:00,https://github.com/sinaamini11/Louisiana_Region5_Water_Levels/tree/main/temp/Station ID=CRMS0565-H01,https://github.com/sinaamini11/Louisiana_Region5_Water_Levels/blob/main/Output/CRMS0529-H01/CRMS0529-H01_Processed.csv,https://htmlpreview.github.io/?https://github.com/sinaamini11/Louisiana_Region5_Water_Levels/blob/main/Output/CRMS0529-H01/CRMS0529-H01.html,Teche/Vermilion,Teche/Vermilion
CRMS4938-H01,29.615813804600002,-91.3238606583,8.49,2019-07-13 10:00:00,-1.03,2018-01-16 22:00:00,https://github.com/sinaamini11/Louisiana_Region5_Water_Levels/tree/main/temp/Station ID=CRMS0565-H01,https://github.com/sinaamini11/Louisiana_Region5_Water_Levels/blob/main/Output/CRMS4938-H01/CRMS4938-H01_Processed.csv,https://htmlpreview.github.io/?https://github.com/sinaamini11/Louisiana_Region5_Water_Levels/blob/main/Output/CRMS4938-H01/CRMS4938-H01.html,Atchafalaya,Atchafalaya
CRMS0498-H01,29.5012973162,-91.8496276877,9.985000000000001,2008-09-13 04:00:00,-0.61,2015-08-16 09:00:00,https://github.com/sinaamini11/Louisiana_Region5_Water_Levels/tree/main/temp/Station ID=CRMS0565-H01,https://github.com/sinaamini11/Louisiana_Region5_Water_Levels/blob/main/Output/CRMS0498-H01/CRMS0498-H01_Processed.csv,https://htmlpreview.github.io/?https://github.com/sinaamini11/Louisiana_Region5_Water_Levels/blob/main/Output/CRMS0498-H01/CRMS0498-H01.html,Teche/Vermilion,Teche/Vermilion
ME04-06,29.7491749722,-92.2603533333,3.9319999999999995,2002-10-03 12:00:00,-0.8979999999999999,2006-01-14 13:00:00,https://github.com/sinaamini11/Louisiana_Region5_Water_Levels/tree/main/temp/Station ID=CRMS0565-H01,https://github.com/sinaamini11/Louisiana_Region5_Water_Levels/blob/main/Output/ME04-06/ME04-06_Processed.csv,https://htmlpreview.github.io/?https://github.com/sinaamini11/Louisiana_Region5_Water_Levels/blob/main/Output/ME04-06/ME04-06.html,Mermentau,Mermentau
CRMS0626-H01,29.6935939691,-92.6036377235,3.67,2020-08-27 13:00:00,-1.583,2011-06-20 14:00:00,https://github.com/sinaamini11/Louisiana_Region5_Water_Levels/tree/main/temp/Station ID=CRMS0565-H01,https://github.com/sinaamini11/Louisiana_Region5_Water_Levels/blob/main/Output/CRMS0626-H01/CRMS0626-H01_Processed.csv,https://htmlpreview.github.io/?https://github.com/sinaamini11/Louisiana_Region5_Water_Levels/blob/main/Output/CRMS0626-H01/CRMS0626-H01.html,Mermentau,Mermentau
CRMS0599-H02,29.6098026394,-92.6630554343,10.51,2020-08-26 18:00:00,-1.26,2015-01-08 04:00:00,https://github.com/sinaamini11/Louisiana_Region5_Water_Levels/tree/main/temp/Station ID=CRMS0565-H01,https://github.com/sinaamini11/Louisiana_Region5_Water_Levels/blob/main/Output/CRMS0599-H02/CRMS0599-H02_Processed.csv,https://htmlpreview.github.io/?https://github.com/sinaamini11/Louisiana_Region5_Water_Levels/blob/main/Output/CRMS0599-H02/CRMS0599-H02.html,Mermentau,Mermentau
CRMS6008-H01,29.630635596199998,-91.4805018301,7.54,2019-07-13 13:00:00,-1.02,2013-11-07 09:00:00,https://github.com/sinaamini11/Louisiana_Region5_Water_Levels/tree/main/temp/Station ID=CRMS0565-H01,https://github.com/sinaamini11/Louisiana_Region5_Water_Levels/blob/main/Output/CRMS6008-H01/CRMS6008-H01_Processed.csv,https://htmlpreview.github.io/?https://github.com/sinaamini11/Louisiana_Region5_Water_Levels/blob/main/Output/CRMS6008-H01/CRMS6008-H01.html,Atchafalaya,Atchafalaya
CRMS0490-H01,29.690049918099998,-91.51784250989999,7.7,2019-07-13 13:00:00,0.19,2020-08-17 17:00:00,https://github.com/sinaamini11/Louisiana_Region5_Water_Levels/tree/main/temp/Station ID=CRMS0565-H01,https://github.com/sinaamini11/Louisiana_Region5_Water_Levels/blob/main/Output/CRMS0490-H01/CRMS0490-H01_Processed.csv,https://htmlpreview.github.io/?https://github.com/sinaamini11/Louisiana_Region5_Water_Levels/blob/main/Output/CRMS0490-H01/CRMS0490-H01.html,Teche/Vermilion,Teche/Vermilion
CRMS0463-H01,29.4907216648,-91.3233213869,8.1,2019-07-13 07:00:00,-0.97,2014-02-19 18:00:00,https://github.com/sinaamini11/Louisiana_Region5_Water_Levels/tree/main/temp/Station ID=CRMS0565-H01,https://github.com/sinaamini11/Louisiana_Region5_Water_Levels/blob/main/Output/CRMS0463-H01/CRMS0463-H01_Processed.csv,https://htmlpreview.github.io/?https://github.com/sinaamini11/Louisiana_Region5_Water_Levels/blob/main/Output/CRMS0463-H01/CRMS0463-H01.html,Atchafalaya,Atchafalaya
CRMS0562-H01,29.765872047,-92.7615774952,3.088,2013-01-17 07:00:00,-1.202,2011-06-20 10:00:00,https://github.com/sinaamini11/Louisiana_Region5_Water_Levels/tree/main/temp/Station ID=CRMS0565-H01,https://github.com/sinaamini11/Louisiana_Region5_Water_Levels/blob/main/Output/CRMS0562-H01/CRMS0562-H01_Processed.csv,https://htmlpreview.github.io/?https://github.com/sinaamini11/Louisiana_Region5_Water_Levels/blob/main/Output/CRMS0562-H01/CRMS0562-H01.html,Mermentau,Mermentau
CRMS1446-H01,29.9268656934,-92.8287650532,4.069,2008-09-15 05:00:00,-0.471,2011-11-14 20:00:00,https://github.com/sinaamini11/Louisiana_Region5_Water_Levels/tree/main/temp/Station ID=CRMS0565-H01,https://github.com/sinaamini11/Louisiana_Region5_Water_Levels/blob/main/Output/CRMS1446-H01/CRMS1446-H01_Processed.csv,https://htmlpreview.github.io/?https://github.com/sinaamini11/Louisiana_Region5_Water_Levels/blob/main/Output/CRMS1446-H01/CRMS1446-H01.html,Mermentau,Mermentau
CRMS0574-H01,29.795975276799997,-92.6348723263,3.736,2008-09-15 09:00:00,-0.32,2018-06-13 12:00:00,https://github.com/sinaamini11/Louisiana_Region5_Water_Levels/tree/main/temp/Station ID=CRMS0565-H01,https://github.com/sinaamini11/Louisiana_Region5_Water_Levels/blob/main/Output/CRMS0574-H01/CRMS0574-H01_Processed.csv,https://htmlpreview.github.io/?https://github.com/sinaamini11/Louisiana_Region5_Water_Levels/blob/main/Output/CRMS0574-H01/CRMS0574-H01.html,Mermentau,Mermentau
CRMS1130-H01,29.7009718953,-92.38553869440001,3.214,2013-01-17 03:00:00,-0.386,2010-04-14 18:00:00,https://github.com/sinaamini11/Louisiana_Region5_Water_Levels/tree/main/temp/Station ID=CRMS0565-H01,https://github.com/sinaamini11/Louisiana_Region5_Water_Levels/blob/main/Output/CRMS1130-H01/CRMS1130-H01_Processed.csv,https://htmlpreview.github.io/?https://github.com/sinaamini11/Louisiana_Region5_Water_Levels/blob/main/Output/CRMS1130-H01/CRMS1130-H01.html,Mermentau,Mermentau
CRMS0605-H02,29.8604204827,-92.9150983928,4.4,2020-08-27 10:00:00,0.45,2019-12-24 11:00:00,https://github.com/sinaamini11/Louisiana_Region5_Water_Levels/tree/main/temp/Station ID=CRMS0565-H01,https://github.com/sinaamini11/Louisiana_Region5_Water_Levels/blob/main/Output/CRMS0605-H02/CRMS0605-H02_Processed.csv,https://htmlpreview.github.io/?https://github.com/sinaamini11/Louisiana_Region5_Water_Levels/blob/main/Output/CRMS0605-H02/CRMS0605-H02.html,Mermentau,Mermentau
CRMS0517-H01,29.6427205114,-91.57242425940001,9.22,2019-07-13 08:00:00,-2.88,2014-01-06 06:00:00,https://github.com/sinaamini11/Louisiana_Region5_Water_Levels/tree/main/temp/Station ID=CRMS0565-H01,https://github.com/sinaamini11/Louisiana_Region5_Water_Levels/blob/main/Output/CRMS0517-H01/CRMS0517-H01_Processed.csv,https://htmlpreview.github.io/?https://github.com/sinaamini11/Louisiana_Region5_Water_Levels/blob/main/Output/CRMS0517-H01/CRMS0517-H01.html,Teche/Vermilion,Teche/Vermilion
CRMS0623-H01,29.635777235,-92.5084692045,6.78,2020-08-26 21:00:00,-0.464,2010-03-20 20:00:00,https://github.com/sinaamini11/Louisiana_Region5_Water_Levels/tree/main/temp/Station ID=CRMS0565-H01,https://github.com/sinaamini11/Louisiana_Region5_Water_Levels/blob/main/Output/CRMS0623-H01/CRMS0623-H01_Processed.csv,https://htmlpreview.github.io/?https://github.com/sinaamini11/Louisiana_Region5_Water_Levels/blob/main/Output/CRMS0623-H01/CRMS0623-H01.html,Mermentau,Mermentau
CRMS0530-H01,29.5820112595,-92.0175913657,7.39,2020-08-26 17:00:00,-0.66,2019-01-06 00:00:00,https://github.com/sinaamini11/Louisiana_Region5_Water_Levels/tree/main/temp/Station ID=CRMS0565-H01,https://github.com/sinaamini11/Louisiana_Region5_Water_Levels/blob/main/Output/CRMS0530-H01/CRMS0530-H01_Processed.csv,https://htmlpreview.github.io/?https://github.com/sinaamini11/Louisiana_Region5_Water_Levels/blob/main/Output/CRMS0530-H01/CRMS0530-H01.html,Teche/Vermilion,Teche/Vermilion
CRMS0610-H01,29.6133258005,-92.6402799008,11.13,2020-08-26 18:00:00,0.65,2018-06-10 01:00:00,https://github.com/sinaamini11/Louisiana_Region5_Water_Levels/tree/main/temp/Station ID=CRMS0565-H01,https://github.com/sinaamini11/Louisiana_Region5_Water_Levels/blob/main/Output/CRMS0610-H01/CRMS0610-H01_Processed.csv,https://htmlpreview.github.io/?https://github.com/sinaamini11/Louisiana_Region5_Water_Levels/blob/main/Output/CRMS0610-H01/CRMS0610-H01.html,Mermentau,Mermentau
CRMS2568-H01,29.563865361199998,-91.3542884643,7.29,2019-07-13 06:00:00,-2.0060000000000002,2007-11-23 05:00:00,https://github.com/sinaamini11/Louisiana_Region5_Water_Levels/tree/main/temp/Station ID=CRMS0565-H01,https://github.com/sinaamini11/Louisiana_Region5_Water_Levels/blob/main/Output/CRMS2568-H01/CRMS2568-H01_Processed.csv,https://htmlpreview.github.io/?https://github.com/sinaamini11/Louisiana_Region5_Water_Levels/blob/main/Output/CRMS2568-H01/CRMS2568-H01.html,Atchafalaya,Atchafalaya
ME11-01R,29.838729458000003,-92.8754079676,6.27,2020-08-26 22:00:00,-2.33,2010-03-21 21:00:00,https://github.com/sinaamini11/Louisiana_Region5_Water_Levels/tree/main/temp/Station ID=CRMS0565-H01,https://github.com/sinaamini11/Louisiana_Region5_Water_Levels/blob/main/Output/ME11-01R/ME11-01R_Processed.csv,https://htmlpreview.github.io/?https://github.com/sinaamini11/Louisiana_Region5_Water_Levels/blob/main/Output/ME11-01R/ME11-01R.html,Mermentau,Mermentau
CRMS1965-H01,29.6340125348,-92.4838792305,2.312,2010-07-08 08:00:00,0.672,2011-08-20 07:00:00,https://github.com/sinaamini11/Louisiana_Region5_Water_Levels/tree/main/temp/Station ID=CRMS0565-H01,https://github.com/sinaamini11/Louisiana_Region5_Water_Levels/blob/main/Output/CRMS1965-H01/CRMS1965-H01_Processed.csv,https://htmlpreview.github.io/?https://github.com/sinaamini11/Louisiana_Region5_Water_Levels/blob/main/Output/CRMS1965-H01/CRMS1965-H01.html,Mermentau,Mermentau
CRMS0608-H01,29.676261769699998,-92.6712494075,5.46,2020-10-09 18:00:00,-0.804,2011-06-16 11:00:00,https://github.com/sinaamini11/Louisiana_Region5_Water_Levels/tree/main/temp/Station ID=CRMS0565-H01,https://github.com/sinaamini11/Louisiana_Region5_Water_Levels/blob/main/Output/CRMS0608-H01/CRMS0608-H01_Processed.csv,https://htmlpreview.github.io/?https://github.com/sinaamini11/Louisiana_Region5_Water_Levels/blob/main/Output/CRMS0608-H01/CRMS0608-H01.html,Mermentau,Mermentau
CRMS0507-H01,29.5828337116,-92.2250461001,7.34,2020-08-26 19:00:00,-2.63,2018-01-17 09:00:00,https://github.com/sinaamini11/Louisiana_Region5_Water_Levels/tree/main/temp/Station ID=CRMS0565-H01,https://github.com/sinaamini11/Louisiana_Region5_Water_Levels/blob/main/Output/CRMS0507-H01/CRMS0507-H01_Processed.csv,https://htmlpreview.github.io/?https://github.com/sinaamini11/Louisiana_Region5_Water_Levels/blob/main/Output/CRMS0507-H01/CRMS0507-H01.html,Teche/Vermilion,Teche/Vermilion
CRMS0622-H01,29.797210358,-92.9906253081,0.99,2019-08-26 02:00:00,-1.15,2019-06-01 06:00:00,https://github.com/sinaamini11/Louisiana_Region5_Water_Levels/tree/main/temp/Station ID=CRMS0565-H01,https://github.com/sinaamini11/Louisiana_Region5_Water_Levels/blob/main/Output/CRMS0622-H01/CRMS0622-H01_Processed.csv,https://htmlpreview.github.io/?https://github.com/sinaamini11/Louisiana_Region5_Water_Levels/blob/main/Output/CRMS0622-H01/CRMS0622-H01.html,Mermentau,Mermentau
CRMS4809-H01,29.6449727456,-91.42100838450001,8.06,2019-07-13 11:00:00,-1.0,2014-11-07 05:00:00,https://github.com/sinaamini11/Louisiana_Region5_Water_Levels/tree/main/temp/Station ID=CRMS0565-H01,https://github.com/sinaamini11/Louisiana_Region5_Water_Levels/blob/main/Output/CRMS4809-H01/CRMS4809-H01_Processed.csv,https://htmlpreview.github.io/?https://github.com/sinaamini11/Louisiana_Region5_Water_Levels/blob/main/Output/CRMS4809-H01/CRMS4809-H01.html,Atchafalaya,Atchafalaya
CRMS0580-H01,29.6065813923,-92.3230939716,6.975,2008-09-12 16:00:00,-0.57,2015-01-27 03:00:00,https://github.com/sinaamini11/Louisiana_Region5_Water_Levels/tree/main/temp/Station ID=CRMS0565-H01,https://github.com/sinaamini11/Louisiana_Region5_Water_Levels/blob/main/Output/CRMS0580-H01/CRMS0580-H01_Processed.csv,https://htmlpreview.github.io/?https://github.com/sinaamini11/Louisiana_Region5_Water_Levels/blob/main/Output/CRMS0580-H01/CRMS0580-H01.html,Mermentau,Mermentau
CRMS0572-H01,29.7889735033,-92.28910754690003,6.395,2008-09-13 04:00:00,-0.495,2011-05-19 04:00:00,https://github.com/sinaamini11/Louisiana_Region5_Water_Levels/tree/main/temp/Station ID=CRMS0565-H01,https://github.com/sinaamini11/Louisiana_Region5_Water_Levels/blob/main/Output/CRMS0572-H01/CRMS0572-H01_Processed.csv,https://htmlpreview.github.io/?https://github.com/sinaamini11/Louisiana_Region5_Water_Levels/blob/main/Output/CRMS0572-H01/CRMS0572-H01.html,Mermentau,Mermentau
CRMS0542-H01,29.8048800491,-91.6334187666,4.75,2020-08-27 08:00:00,-2.16,2015-02-17 06:00:00,https://github.com/sinaamini11/Louisiana_Region5_Water_Levels/tree/main/temp/Station ID=CRMS0565-H01,https://github.com/sinaamini11/Louisiana_Region5_Water_Levels/blob/main/Output/CRMS0542-H01/CRMS0542-H01_Processed.csv,https://htmlpreview.github.io/?https://github.com/sinaamini11/Louisiana_Region5_Water_Levels/blob/main/Output/CRMS0542-H01/CRMS0542-H01.html,Teche/Vermilion,Teche/Vermilion
CRMS0590-H01,29.933206931799997,-92.8275514503,4.64,2020-10-09 11:00:00,-0.702,2011-11-16 18:00:00,https://github.com/sinaamini11/Louisiana_Region5_Water_Levels/tree/main/temp/Station ID=CRMS0565-H01,https://github.com/sinaamini11/Louisiana_Region5_Water_Levels/blob/main/Output/CRMS0590-H01/CRMS0590-H01_Processed.csv,https://htmlpreview.github.io/?https://github.com/sinaamini11/Louisiana_Region5_Water_Levels/blob/main/Output/CRMS0590-H01/CRMS0590-H01.html,Mermentau,Mermentau
CRMS0541-H01,29.617227435700002,-92.03987241700001,7.2,2020-10-09 13:00:00,-2.096,2008-12-04 08:00:00,https://github.com/sinaamini11/Louisiana_Region5_Water_Levels/tree/main/temp/Station ID=CRMS0565-H01,https://github.com/sinaamini11/Louisiana_Region5_Water_Levels/blob/main/Output/CRMS0541-H01/CRMS0541-H01_Processed.csv,https://htmlpreview.github.io/?https://github.com/sinaamini11/Louisiana_Region5_Water_Levels/blob/main/Output/CRMS0541-H01/CRMS0541-H01.html,Teche/Vermilion,Teche/Vermilion
ME16-06,29.617388111500002,-92.56802781420001,9.437999999999999,2008-09-12 01:00:00,-0.632,2008-11-17 09:00:00,https://github.com/sinaamini11/Louisiana_Region5_Water_Levels/tree/main/temp/Station ID=CRMS0565-H01,https://github.com/sinaamini11/Louisiana_Region5_Water_Levels/blob/main/Output/ME16-06/ME16-06_Processed.csv,https://htmlpreview.github.io/?https://github.com/sinaamini11/Louisiana_Region5_Water_Levels/blob/main/Output/ME16-06/ME16-06.html,Mermentau,Mermentau
CRMS4900-H01,29.6348838787,-91.2591857891,8.79,2019-07-13 09:00:00,-1.03,2013-11-12 23:00:00,https://github.com/sinaamini11/Louisiana_Region5_Water_Levels/tree/main/temp/Station ID=CRMS0565-H01,https://github.com/sinaamini11/Louisiana_Region5_Water_Levels/blob/main/Output/CRMS4900-H01/CRMS4900-H01_Processed.csv,https://htmlpreview.github.io/?https://github.com/sinaamini11/Louisiana_Region5_Water_Levels/blob/main/Output/CRMS4900-H01/CRMS4900-H01.html,Atchafalaya,Atchafalaya
CRMS0482-H01,29.5858703005,-91.35408342,7.98,2019-07-13 07:00:00,-1.903,2012-08-29 03:00:00,https://github.com/sinaamini11/Louisiana_Region5_Water_Levels/tree/main/temp/Station ID=CRMS0565-H01,https://github.com/sinaamini11/Louisiana_Region5_Water_Levels/blob/main/Output/CRMS0482-H01/CRMS0482-H01_Processed.csv,https://htmlpreview.github.io/?https://github.com/sinaamini11/Louisiana_Region5_Water_Levels/blob/main/Output/CRMS0482-H01/CRMS0482-H01.html,Atchafalaya,Atchafalaya
CRMS0549-H01,29.8319820591,-91.8568881851,7.265,2008-09-12 12:00:00,-0.575,2010-03-28 22:00:00,https://github.com/sinaamini11/Louisiana_Region5_Water_Levels/tree/main/temp/Station ID=CRMS0565-H01,https://github.com/sinaamini11/Louisiana_Region5_Water_Levels/blob/main/Output/CRMS0549-H01/CRMS0549-H01_Processed.csv,https://htmlpreview.github.io/?https://github.com/sinaamini11/Louisiana_Region5_Water_Levels/blob/main/Output/CRMS0549-H01/CRMS0549-H01.html,Teche/Vermilion,Teche/Vermilion
CRMS1965-H02,29.6340182643,-92.4838858334,3.1,2015-11-09 00:00:00,-1.06,2015-12-09 03:00:00,https://github.com/sinaamini11/Louisiana_Region5_Water_Levels/tree/main/temp/Station ID=CRMS0565-H01,https://github.com/sinaamini11/Louisiana_Region5_Water_Levels/blob/main/Output/CRMS1965-H02/CRMS1965-H02_Processed.csv,https://htmlpreview.github.io/?https://github.com/sinaamini11/Louisiana_Region5_Water_Levels/blob/main/Output/CRMS1965-H02/CRMS1965-H02.html,Mermentau,Mermentau
CRMS0496-H02,29.6296970004,-91.5502597197,7.06,2020-10-09 14:00:00,-1.5,2017-12-29 03:00:00,https://github.com/sinaamini11/Louisiana_Region5_Water_Levels/tree/main/temp/Station ID=CRMS0565-H01,https://github.com/sinaamini11/Louisiana_Region5_Water_Levels/blob/main/Output/CRMS0496-H02/CRMS0496-H02_Processed.csv,https://htmlpreview.github.io/?https://github.com/sinaamini11/Louisiana_Region5_Water_Levels/blob/main/Output/CRMS0496-H02/CRMS0496-H02.html,Teche/Vermilion,Teche/Vermilion
CRMS4014-H01,29.5485697437,-91.32302288620001,8.43,2019-07-13 08:00:00,-2.0700000000000003,2012-08-28 19:00:00,https://github.com/sinaamini11/Louisiana_Region5_Water_Levels/tree/main/temp/Station ID=CRMS0565-H01,https://github.com/sinaamini11/Louisiana_Region5_Water_Levels/blob/main/Output/CRMS4014-H01/CRMS4014-H01_Processed.csv,https://htmlpreview.github.io/?https://github.com/sinaamini11/Louisiana_Region5_Water_Levels/blob/main/Output/CRMS4014-H01/CRMS4014-H01.html,Atchafalaya,Atchafalaya
CRMS5003-H01,29.624086104299998,-91.28919734729999,8.92,2019-07-13 10:00:00,-1.171,2012-10-29 03:00:00,https://github.com/sinaamini11/Louisiana_Region5_Water_Levels/tree/main/temp/Station ID=CRMS0565-H01,https://github.com/sinaamini11/Louisiana_Region5_Water_Levels/blob/main/Output/CRMS5003-H01/CRMS5003-H01_Processed.csv,https://htmlpreview.github.io/?https://github.com/sinaamini11/Louisiana_Region5_Water_Levels/blob/main/Output/CRMS5003-H01/CRMS5003-H01.html,Atchafalaya,Atchafalaya
CRMS0543-H02,29.750893878299998,-91.63601376330001,8.99,2019-07-13 11:00:00,-0.36,2020-02-26 22:00:00,https://github.com/sinaamini11/Louisiana_Region5_Water_Levels/tree/main/temp/Station ID=CRMS0565-H01,https://github.com/sinaamini11/Louisiana_Region5_Water_Levels/blob/main/Output/CRMS0543-H02/CRMS0543-H02_Processed.csv,https://htmlpreview.github.io/?https://github.com/sinaamini11/Louisiana_Region5_Water_Levels/blob/main/Output/CRMS0543-H02/CRMS0543-H02.html,Teche/Vermilion,Teche/Vermilion
CRMS0549-H03,29.8338048108,-91.84953405579999,5.69,2019-07-14 01:00:00,-1.11,2020-02-07 01:00:00,https://github.com/sinaamini11/Louisiana_Region5_Water_Levels/tree/main/temp/Station ID=CRMS0565-H01,https://github.com/sinaamini11/Louisiana_Region5_Water_Levels/blob/main/Output/CRMS0549-H03/CRMS0549-H03_Processed.csv,https://htmlpreview.github.io/?https://github.com/sinaamini11/Louisiana_Region5_Water_Levels/blob/main/Output/CRMS0549-H03/CRMS0549-H03.html,Teche/Vermilion,Teche/Vermilion
CRMS1413-H01,29.8964742727,-93.01053366030001,4.18,2020-08-27 10:00:00,-0.51,2018-07-03 08:00:00,https://github.com/sinaamini11/Louisiana_Region5_Water_Levels/tree/main/temp/Station ID=CRMS0565-H01,https://github.com/sinaamini11/Louisiana_Region5_Water_Levels/blob/main/Output/CRMS1413-H01/CRMS1413-H01_Processed.csv,https://htmlpreview.github.io/?https://github.com/sinaamini11/Louisiana_Region5_Water_Levels/blob/main/Output/CRMS1413-H01/CRMS1413-H01.html,Mermentau,Mermentau
TV04-03,29.6907662022,-91.6073373876,5.009,2002-10-03 04:00:00,-3.5309999999999997,2003-11-24 08:00:00,https://github.com/sinaamini11/Louisiana_Region5_Water_Levels/tree/main/temp/Station ID=CRMS0565-H01,https://github.com/sinaamini11/Louisiana_Region5_Water_Levels/blob/main/Output/TV04-03/TV04-03_Processed.csv,https://htmlpreview.github.io/?https://github.com/sinaamini11/Louisiana_Region5_Water_Levels/blob/main/Output/TV04-03/TV04-03.html,Teche/Vermilion,Teche/Vermilion
CRMS2493-H01,29.8258389496,-92.88752805200001,5.29,2020-08-27 03:00:00,-0.672,2011-07-15 05:00:00,https://github.com/sinaamini11/Louisiana_Region5_Water_Levels/tree/main/temp/Station ID=CRMS0565-H01,https://github.com/sinaamini11/Louisiana_Region5_Water_Levels/blob/main/Output/CRMS2493-H01/CRMS2493-H01_Processed.csv,https://htmlpreview.github.io/?https://github.com/sinaamini11/Louisiana_Region5_Water_Levels/blob/main/Output/CRMS2493-H01/CRMS2493-H01.html,Mermentau,Mermentau
ME04-36R,29.600499399,-92.3222964904,3.2209999999999996,1998-09-12 00:00:00,-0.909,1998-04-09 22:00:00,https://github.com/sinaamini11/Louisiana_Region5_Water_Levels/tree/main/temp/Station ID=CRMS0565-H01,https://github.com/sinaamini11/Louisiana_Region5_Water_Levels/blob/main/Output/ME04-36R/ME04-36R_Processed.csv,https://htmlpreview.github.io/?https://github.com/sinaamini11/Louisiana_Region5_Water_Levels/blob/main/Output/ME04-36R/ME04-36R.html,Mermentau,Mermentau
CRMS0630-H02,29.782791235900003,-92.79422108979999,5.53,2020-08-27 02:00:00,-1.18,2019-12-23 07:00:00,https://github.com/sinaamini11/Louisiana_Region5_Water_Levels/tree/main/temp/Station ID=CRMS0565-H01,https://github.com/sinaamini11/Louisiana_Region5_Water_Levels/blob/main/Output/CRMS0630-H02/CRMS0630-H02_Processed.csv,https://htmlpreview.github.io/?https://github.com/sinaamini11/Louisiana_Region5_Water_Levels/blob/main/Output/CRMS0630-H02/CRMS0630-H02.html,Mermentau,Mermentau
CRMS0514-H02,29.8524447108,-91.82963094809999,8.15,2020-10-09 15:00:00,-1.95,2018-01-30 08:00:00,https://github.com/sinaamini11/Louisiana_Region5_Water_Levels/tree/main/temp/Station ID=CRMS0565-H01,https://github.com/sinaamini11/Louisiana_Region5_Water_Levels/blob/main/Output/CRMS0514-H02/CRMS0514-H02_Processed.csv,https://htmlpreview.github.io/?https://github.com/sinaamini11/Louisiana_Region5_Water_Levels/blob/main/Output/CRMS0514-H02/CRMS0514-H02.html,Teche/Vermilion,Teche/Vermilion
CRMS0554-H01,29.829787078000003,-92.6648173179,3.7070000000000003,2008-09-15 10:00:00,-0.643,2011-06-05 14:00:00,https://github.com/sinaamini11/Louisiana_Region5_Water_Levels/tree/main/temp/Station ID=CRMS0565-H01,https://github.com/sinaamini11/Louisiana_Region5_Water_Levels/blob/main/Output/CRMS0554-H01/CRMS0554-H01_Processed.csv,https://htmlpreview.github.io/?https://github.com/sinaamini11/Louisiana_Region5_Water_Levels/blob/main/Output/CRMS0554-H01/CRMS0554-H01.html,Mermentau,Mermentau
CRMS0550-H01,29.765478139499997,-91.6970033383,7.55,2019-07-13 09:00:00,-1.984,2010-12-26 11:00:00,https://github.com/sinaamini11/Louisiana_Region5_Water_Levels/tree/main/temp/Station ID=CRMS0565-H01,https://github.com/sinaamini11/Louisiana_Region5_Water_Levels/blob/main/Output/CRMS0550-H01/CRMS0550-H01_Processed.csv,https://htmlpreview.github.io/?https://github.com/sinaamini11/Louisiana_Region5_Water_Levels/blob/main/Output/CRMS0550-H01/CRMS0550-H01.html,Teche/Vermilion,Teche/Vermilion
ME04-43R,29.6641210462,-92.2512754039,6.785,2005-09-24 03:00:00,-0.985,1999-09-06 21:00:00,https://github.com/sinaamini11/Louisiana_Region5_Water_Levels/tree/main/temp/Station ID=CRMS0565-H01,https://github.com/sinaamini11/Louisiana_Region5_Water_Levels/blob/main/Output/ME04-43R/ME04-43R_Processed.csv,https://htmlpreview.github.io/?https://github.com/sinaamini11/Louisiana_Region5_Water_Levels/blob/main/Output/ME04-43R/ME04-43R.html,Teche/Vermilion,Mermentau
CRMS0593-H01,29.993161735799998,-92.7610147925,4.277,2013-01-16 16:00:00,-1.0630000000000002,2011-06-04 06:00:00,https://github.com/sinaamini11/Louisiana_Region5_Water_Levels/tree/main/temp/Station ID=CRMS0565-H01,https://github.com/sinaamini11/Louisiana_Region5_Water_Levels/blob/main/Output/CRMS0593-H01/CRMS0593-H01_Processed.csv,https://htmlpreview.github.io/?https://github.com/sinaamini11/Louisiana_Region5_Water_Levels/blob/main/Output/CRMS0593-H01/CRMS0593-H01.html,Mermentau,Mermentau
CRMS6304-H01,29.420417624099997,-91.2786577556,6.68,2019-07-13 07:00:00,-1.47,2015-02-12 23:00:00,https://github.com/sinaamini11/Louisiana_Region5_Water_Levels/tree/main/temp/Station ID=CRMS0565-H01,https://github.com/sinaamini11/Louisiana_Region5_Water_Levels/blob/main/Output/CRMS6304-H01/CRMS6304-H01_Processed.csv,https://htmlpreview.github.io/?https://github.com/sinaamini11/Louisiana_Region5_Water_Levels/blob/main/Output/CRMS6304-H01/CRMS6304-H01.html,Atchafalaya,Atchafalaya
TV14-04R,29.587683430300004,-91.8077421541,5.28,2005-09-23 16:00:00,-2.67,2001-02-17 05:00:00,https://github.com/sinaamini11/Louisiana_Region5_Water_Levels/tree/main/temp/Station ID=CRMS0565-H01,https://github.com/sinaamini11/Louisiana_Region5_Water_Levels/blob/main/Output/TV14-04R/TV14-04R_Processed.csv,https://htmlpreview.github.io/?https://github.com/sinaamini11/Louisiana_Region5_Water_Levels/blob/main/Output/TV14-04R/TV14-04R.html,Teche/Vermilion,Teche/Vermilion
CRMS0545-H01,29.712189638,-91.60150109899999,9.25,2019-07-13 11:00:00,-2.698,2009-04-07 05:00:00,https://github.com/sinaamini11/Louisiana_Region5_Water_Levels/tree/main/temp/Station ID=CRMS0565-H01,https://github.com/sinaamini11/Louisiana_Region5_Water_Levels/blob/main/Output/CRMS0545-H01/CRMS0545-H01_Processed.csv,https://htmlpreview.github.io/?https://github.com/sinaamini11/Louisiana_Region5_Water_Levels/blob/main/Output/CRMS0545-H01/CRMS0545-H01.html,Teche/Vermilion,Teche/Vermilion
CRMS0593-H02,29.993173922399997,-92.7610166709,4.54,2016-08-19 06:00:00,-0.27,2018-06-05 09:00:00,https://github.com/sinaamini11/Louisiana_Region5_Water_Levels/tree/main/temp/Station ID=CRMS0565-H01,https://github.com/sinaamini11/Louisiana_Region5_Water_Levels/blob/main/Output/CRMS0593-H02/CRMS0593-H02_Processed.csv,https://htmlpreview.github.io/?https://github.com/sinaamini11/Louisiana_Region5_Water_Levels/blob/main/Output/CRMS0593-H02/CRMS0593-H02.html,Mermentau,Mermentau
CRMS0520-H01,29.5848934327,-91.8853487133,7.55,2020-08-26 21:00:00,-2.044,2011-02-02 09:00:00,https://github.com/sinaamini11/Louisiana_Region5_Water_Levels/tree/main/temp/Station ID=CRMS0565-H01,https://github.com/sinaamini11/Louisiana_Region5_Water_Levels/blob/main/Output/CRMS0520-H01/CRMS0520-H01_Processed.csv,https://htmlpreview.github.io/?https://github.com/sinaamini11/Louisiana_Region5_Water_Levels/blob/main/Output/CRMS0520-H01/CRMS0520-H01.html,Teche/Vermilion,Teche/Vermilion
CRMS0565-H01,29.7988761419,-92.4507959454,3.872,2008-09-16 06:00:00,-0.808,2011-06-20 06:00:00,https://github.com/sinaamini11/Louisiana_Region5_Water_Levels/tree/main/temp/Station ID=CRMS0565-H01,https://github.com/sinaamini11/Louisiana_Region5_Water_Levels/blob/main/Output/CRMS0565-H01/CRMS0565-H01_Processed.csv,https://htmlpreview.github.io/?https://github.com/sinaamini11/Louisiana_Region5_Water_Levels/blob/main/Output/CRMS0565-H01/CRMS0565-H01.html,Mermentau,Mermentau
